tweet_id	note_id	claim	review	classification	is_fake	language	status	tweet_author	tweet_url	misleading_reasons	sources	created_at
1377030478167937024	1537142913737428992	...and my father has even been wearing a wire at the FBI’s direction to catch these criminals. The planted leak to the FBI tonight was intended to thwart that investigation. No part of the allegations against me are true, and the people pushing these lies are targets...	Forbes has a good rundown of the investigation and the Washington Post has a fuller picture of where the investigation is headed.     Gaetz seems to be deliberately misleading his readers about the timeline of any investigation with this tweet.    https://www.forbes.com/sites/rachelsandler/2021/03/30/gop-rep-matt-gaetz-reportedly-under-investigation-over-relationship-with-17-year-old-girl/?sh=7da3be1a23f4    https://www.washingtonpost.com/politics/2022/01/27/sex-trafficking-allegations-matt-gaetz/	MISINFORMED_OR_POTENTIALLY_MISLEADING	1	en	NEEDS_MORE_RATINGS	Matt Gaetz	https://twitter.com/x/status/1377030478167937024	factual_error,missing_context,unverified_claim	1	2022-06-15 18:40:04
1536848327979016193	1537145358521839617	"people who choose to communicate and fix things with you instead of saying ""that's just how I am"" are attractive af."	They are expressing a personal opinion in a straightforward manner. This should not need a note.	NOT_MISLEADING	0	en	NEEDS_MORE_RATINGS	BbCakes.	https://twitter.com/x/status/1536848327979016193	clearly_satire,personal_opinion	0	2022-06-15 18:49:46
1537080831751102467	1537147343715282945	Buyers of competing electric cars receive a $7500 tax credit, but Tesla does not	Teslas purchased after 12/31/19 are not eligible for US Federal tax credits because they exceeded the initial 200K eligible cars allowed a credit. States like CA have their own programs that issue rebates or credits but many have ended as well due to higher Tesla prices. https://cleanvehiclerebate.org/en/faqs/can-i-apply-rebate-my-tesla-model-3-or-tesla-model-y	MISINFORMED_OR_POTENTIALLY_MISLEADING	1	en	CURRENTLY_RATED_HELPFUL	Elon Musk	https://twitter.com/x/status/1537080831751102467	missing_context	1	2022-06-15 18:57:40
1537196168953974784	1537204430730211328	pic.twitter.com/iADXgyb2ei	The Jan 6th riots were encouraged by the sitting US President saying to his followers to &quot;stop the steal&quot; not just protest it. As well as laying groundwork well before.    https://www.nytimes.com/2021/01/10/us/trump-speech-riot.html    https://www.wsj.com/articles/trump-and-his-allies-set-the-stage-for-riot-well-before-january-6-11610156283    Four people in the crowd on Jan 6th died as well as five officers shortly after.     https://www.nytimes.com/2022/01/05/us/politics/jan-6-capitol-deaths.html	MISINFORMED_OR_POTENTIALLY_MISLEADING	1	en	NEEDS_MORE_RATINGS	TediousTendies	https://twitter.com/x/status/1537196168953974784	factual_error,outdated_info,missing_context,unverified_claim	1	2022-06-15 22:44:30
1540087463099736065	1540422295029551104	The January 6 Committee is an unconstitutional political sideshow. It is rapidly losing the interest of the American people and now resorts to siccing federal law enforcement on political opponents.	The Committee has been found by numerous courts to be constitutional &amp; is not losing the interest of the American people. CNN reports &lt; 20M viewers tuned in to Thursday's presentation about the Jan 6 attack, and it reached a far larger number through social and others.    https://www.cnn.com/2022/06/10/media/ratings-january-6-hearings/index.html	MISINFORMED_OR_POTENTIALLY_MISLEADING	1	en	NEEDS_MORE_RATINGS	Former Congressman Matt Gaetz	https://twitter.com/x/status/1540087463099736065	factual_error,missing_context,unverified_claim	1	2022-06-24 19:51:09
1586411168880807936	1586769867381669889	The Republican Party and its mouthpieces now regularly spread hate and deranged conspiracy theories. It is shocking, but not surprising, that violence is the result. As citizens, we must hold them accountable for their words and the actions that follow.https://t.co/MQor4NDFeE	Clinton is not alone in this claim, the F.B.I. has repeatedly said that extremist violence from right-wing actors is one of the biggest threats confronting the bureau.    https://www.nytimes.com/2022/08/13/nyregion/right-wing-rhetoric-threats-violence.html    Paul Pelosi’s attacker has written many racist, antisemitic and pro-Trump blog entries.    https://www.washingtonpost.com/politics/2022/10/29/paul-pelosi-attack-republicans-target/	NOT_MISLEADING	0	en	NEEDS_MORE_RATINGS	Hillary Clinton	https://twitter.com/x/status/1586411168880807936	factually_correct	1	2022-10-30 17:19:51
1598827733072560129	1599066819402162177	Imagine throwing it all away to do PR work for the richest person in the world. Humiliating shit.	This tweet is a personal opinion, presumably about reporter Matt Taibbi’s release of previously confidential Twitter internal company communications as provided by Elon Musk.	NOT_MISLEADING	0	en	NEEDS_MORE_RATINGS	follow @bencollins on bluesky	https://twitter.com/x/status/1598827733072560129	personal_opinion	0	2022-12-03 15:43:33
1592776673891581952	1592778879885709312	NASA’s majestic new rocket, Artemis I, soared into space for the first time, lighting up the night sky and accelerating on a journey that will take an astronaut-less capsule around the moon and back. 🚀 https://t.co/jlsGR84Rd2 pic.twitter.com/OPXWYU1pYT	The name of the rocket is the Space Launch System (SLS). Artemis 1 is the name of the current un-crewed mission.    https://www.nasa.gov/artemis-1	MISINFORMED_OR_POTENTIALLY_MISLEADING	1	en	NEEDS_MORE_RATINGS	The New York Times	https://twitter.com/x/status/1592776673891581952	factual_error	1	2022-11-16 07:17:32
1535062308426510337	1535128588818653184	All. Old. News.	This refers to the January 6th hearing. Which is happening right now. The news about the hearing is very current. This appears to be an attempt to delegitimize the hearing by downplaying its relevance.    https://www.cnn.com/2022/06/09/politics/jan-6-hearing-takeaways-thursday/index.html	MISINFORMED_OR_POTENTIALLY_MISLEADING	1	en	NEEDS_MORE_RATINGS	House Judiciary GOP 🇺🇸🇺🇸🇺🇸	https://twitter.com/x/status/1535062308426510337	missing_context,satire	1	2022-06-10 05:15:51
1564818029388734465	1564988898605862912	That TIME Magazine cover was huge threat to national security. 🙄 https://t.co/yy0AOmxMEh	The tweet focuses on an item that is not the main point or intent of the photo as a means of deflecting, spreading doubt, and downplaying the goal of the original message. The author is selectively choosing facts to tell a narrative in their favor.	MISINFORMED_OR_POTENTIALLY_MISLEADING	1	en	NEEDS_MORE_RATINGS	House Judiciary GOP 🇺🇸🇺🇸🇺🇸	https://twitter.com/x/status/1564818029388734465	missing_context,satire	0	2022-08-31 14:50:04
1578414565058281473	1578618008687157248	Elon is now actively helping Putin. https://t.co/lHVXwsTA99	There is more context relevant here to explain the Starlink outages, including information that is classified, and it should be considered that occupation of territory in these areas is currently contested. https://twitter.com/elonmusk/status/1578433482757271552	MISINFORMED_OR_POTENTIALLY_MISLEADING	1	en	NEEDS_MORE_RATINGS	Adam Parkhomenko	https://twitter.com/x/status/1578414565058281473	factual_error,missing_context,unverified_claim	1	2022-10-08 05:27:17
1588611335491026944	1588904247373881345	That Birdwatch note adding readers' context to Elon Musk's tweet today complaining about losing advertisers has disappeared. https://t.co/vnpEe5ZBbl via @jdcapelouto	The note did not &quot;disappear&quot;; it still exists, it is just not shown currently due to engagement, votes, or other factors considered by the Birdwatch program.    The language implies it was censored because it contradicted Elon Musk's point, but that can not be confirmed.	MISINFORMED_OR_POTENTIALLY_MISLEADING	1	en	NEEDS_MORE_RATINGS	Tasneem Nashrulla	https://twitter.com/x/status/1588611335491026944	factual_error,missing_context,unverified_claim	0	2022-11-05 14:41:07
1588661987701313537	1591119055103983616	Excellent summary of Twitter’s Trust & Safety from the head of the team https://t.co/sJ1MBf9Mub	Yoel Roth is no longer the head of  Twitter’s Trust &amp; Safety as of Nov 10.     https://www.bloomberg.com/news/articles/2022-11-10/musk-tells-twitter-staff-social-network-s-bankruptcy-is-possible	MISINFORMED_OR_POTENTIALLY_MISLEADING	1	en	NEEDS_MORE_RATINGS	Elon Musk	https://twitter.com/x/status/1588661987701313537	outdated_info	1	2022-11-11 17:21:58
1355643797280083973	1355716996760023041	Black Lives Matter is a racist, domestic terror organization and should be dealt with just as ISIS and al Qaeda have been.	BLM as an organization is not a terrorist organization. Approximately 93 percent of recent BLM protests were peaceful. The national organization specifically calls for peaceful protest. https://acleddata.com/2020/09/03/demonstrations-political-violence-in-america-new-data-for-summer-2020/	MISINFORMED_OR_POTENTIALLY_MISLEADING	1	en	NEEDS_MORE_RATINGS	RickN	https://twitter.com/x/status/1355643797280083973	factual_error,missing_context	1	2021-01-31 03:18:14
1355529775197130753	1355989178622816256	@nobelprize To remind u what BLM did. Disqualify! RT @NextLAMayor: #BlackLivesMatter movement nominated for Nobel peace prize. pic.twitter.com/2qDB0db13x	This post claims BLM as an organization does not deserve the nobel peace prize as they incited violence. BLM as an organization is specifically non-violent, and explicitly calls for that on their page, and the vast majority of BLM related protests in the US were peaceful. https://www.washingtonpost.com/politics/2020/10/16/this-summers-black-lives-matter-protesters-were-overwhelming-peaceful-our-research-finds/	MISINFORMED_OR_POTENTIALLY_MISLEADING	1	en	NEEDS_MORE_RATINGS	BooooTLEg	https://twitter.com/x/status/1355529775197130753	factual_error,missing_context,unverified_claim	1	2021-01-31 21:19:47
1352754599590035459	1356735932087611399	Donald Trump is the first president in modern history did not start a new war.	This claim is false. Carter, Ford and Nixon also did not start a new war.    https://www.usatoday.com/story/news/factcheck/2020/11/01/fact-check-trump-not-first-president-since-eisenhower-without-new-war/6086636002/	MISINFORMED_OR_POTENTIALLY_MISLEADING	1	en	NEEDS_MORE_RATINGS	Donald Trump Jr.	https://twitter.com/x/status/1352754599590035459	factual_error	1	2021-02-02 22:47:07
1356441140959064064	1356747779113177095	Go get those Antifa bastards! And the random anarchists. And the Boogaloo Boys. And the BLM people. All those fascist thugs need to be dealt with. How dare they dress like Trump supporters and make it look like it was Trump supporters that caused all the violence at the capitol.	Neither BLM nor antifa were involved in the attack on the capitol. It was instigated primarily by pro-Trump protestors.     https://www.snopes.com/fact-check/trump-mob-capitol/	MISINFORMED_OR_POTENTIALLY_MISLEADING	1	en	NEEDS_MORE_RATINGS	Fiona Ramshackle ✝️🏖	https://twitter.com/x/status/1356441140959064064	factual_error	1	2021-02-02 23:34:12
1550270293402423296	1550490344223084546	Stories are NOT facts.	Oral testimony under oath does constitute facts. It may often be the only facts in a case. https://www.law.cornell.edu/rules/fre/rule_701	MISINFORMED_OR_POTENTIALLY_MISLEADING	1	en	NEEDS_MORE_RATINGS	House Republicans	https://twitter.com/x/status/1550270293402423296	missing_context	1	2022-07-22 14:37:59
1564064244978663424	1564268683169796097	2019 Trump allowed Texas to pump out 6 million barrels of oil per day. Biden restrictions we pump less than 1 million. 31 refineries laid off. He is using our reserves now. This info is online.	According to US EIA, Texas crude oil production peached in March 2020 at about 5.4M barrels per day. Its low point was in February 2021 at about 3.7M barrels per day.    https://www.eia.gov/dnav/pet/hist/LeafHandler.ashx?n=pet&amp;s=mcrfptx2&amp;f=m	MISINFORMED_OR_POTENTIALLY_MISLEADING	1	en	NEEDS_MORE_RATINGS	Miss J	https://twitter.com/x/status/1564064244978663424	factual_error,unverified_claim	1	2022-08-29 15:08:11
1591810691912146950	1591833501883666432	Because Obama is a cheapskate who won't part with US$ 8/- which raises the question of his African heritage, hizo ni tabia za watu wa Muranga	1) There is no question about Barack Obama’s African heritage. 2) The “Official” tag is being applied to organizations before individuals.	MISINFORMED_OR_POTENTIALLY_MISLEADING	1	en	NEEDS_MORE_RATINGS	Robert Yawe	https://twitter.com/x/status/1591810691912146950	factual_error,unverified_claim	0	2022-11-13 16:40:56
1591091023756890114	1591099606531710986	Exclusive: Tesla is considering exporting China-made electric cars to the U.S., a reversal that would reflect the automaker's deepening cost advantage at its Shanghai plant and slower demand from Chinese consumers https://t.co/GtovEdL7u0 pic.twitter.com/AtT4gpKD0V	Elon tweeted that this claim was &quot;False&quot;	MISINFORMED_OR_POTENTIALLY_MISLEADING	1	en	NEEDS_MORE_RATINGS	Reuters	https://twitter.com/x/status/1591091023756890114	factual_error	1	2022-11-11 16:04:42
1361810447431827459	1362165022634504193	This raises the obvious question: can we ever rely on renewables to power the grid during extreme weather? No, you need gas or nuclear. And subsidizing investment in wind has pushed gas and nuclear out. Now we live with the consequences.	Lost wind power was expected to be a fraction of winter generation. All sources — from natural gas, to nuclear, to coal, to solar — have struggled to generate power during the storm that has left millions of Texans in the dark.    https://www.texastribune.org/2021/02/16/texas-wind-turbines-frozen/	MISINFORMED_OR_POTENTIALLY_MISLEADING	1	en	NEEDS_MORE_RATINGS	Dan Crenshaw	https://twitter.com/x/status/1361810447431827459	factual_error,missing_context,unverified_claim	1	2021-02-17 22:20:23
1416104050471407631	1416114744956801024	Psaki can’t defend herself against spot-on questions from Doocy. She can’t deny that the Biden administration is providing Facebook with names of people who should be censored, making them an arm of government, and giving Trump exactly what he needs to win his suit against them.	The White House is not censoring anyone, the sources of misinformation on Facebook being cited by the Biden administration comes from widely-available mainstream media reports including this story on NPR:  https://www.npr.org/2021/05/13/996570855/disinformation-dozen-test-facebooks-twitters-ability-to-curb-vaccine-hoaxes	MISINFORMED_OR_POTENTIALLY_MISLEADING	1	en	NEEDS_MORE_RATINGS	First Words	https://twitter.com/x/status/1416104050471407631	factual_error,missing_context,unverified_claim	1	2021-07-16 19:17:19
1510259697819037701	1510439273715093506	“The best vaccination is to get infected yourself.” - Dr. Anthony Fauci	In this old quote Fauci is referring to the flu. Contracting Covid-19 is much more potentially life-threatening than the flu, but Fauci is also talking about someone who had already contacted the flu virus and was not suggesting people should intentionally try to become infected.	MISINFORMED_OR_POTENTIALLY_MISLEADING	1	en	NEEDS_MORE_RATINGS	Eric Matheny	https://twitter.com/x/status/1510259697819037701	outdated_info,missing_context	0	2022-04-03 02:09:20
1523430921659027456	1523976585040257028	Is ANYONE asking how Ron DeSantis was worth $340,000 in 2020 and is now worth $52 million? 🤔	There is no reporting supporting this assertion and the poster didn’t supply any sources.     Recent reporting suggests a much less outrageous number.  https://www.sun-sentinel.com/news/politics/fl-ne-nsf-desantis-net-worth-20210621-xxqfzxbt5zeufkluweusvgwuny-story.html	MISINFORMED_OR_POTENTIALLY_MISLEADING	1	en	CURRENTLY_RATED_HELPFUL	Travelore Report	https://twitter.com/x/status/1523430921659027456	factual_error,unverified_claim	1	2022-05-10 10:41:46
1616786232394264577	1617041513506082818	nyc cop bravery holds a flashlight while the people save someone who had fallen on the subway tracks, give him a round of applause everyone pic.twitter.com/e9z5levJl3	Waving a flashlight from side to side is a signal to any approaching train to stop because someone has fallen on the tracks.    https://new.mta.info/safety-and-security	MISINFORMED_OR_POTENTIALLY_MISLEADING	1	en	CURRENTLY_RATED_HELPFUL	riley	https://twitter.com/x/status/1616786232394264577	missing_context	1	2023-01-22 06:08:34
1621199488537841665	1621516425348419585	Tree planting in NYC is at an unacceptable low and we need Parks to kick into high gear. Experts agree improving our tree canopy is one of the best ways we can fight climate change. We must fully fund Parks operations and pick up the pace today!https://t.co/VE8Y9TpdxS	It costs $3,600 to plant a tree in New York City. It Jersey City, it costs $500.    https://nypost.com/2022/07/06/how-much-does-it-cost-nyc-to-plant-a-tree-a-tree-mendous-3600/	MISINFORMED_OR_POTENTIALLY_MISLEADING	1	en	CURRENTLY_RATED_NOT_HELPFUL	Lincoln Restler	https://twitter.com/x/status/1621199488537841665	missing_context	1	2023-02-03 14:30:16
1628406408059256833	1628578452046589953	"American Healthcare: ""you got hurt?"" me: ""yes, bad :("" AH: ""do you want an ambulance?"" me: ""please!” AH: “right away! That will be $2,000"" me: ""to the emergency room?!"" AH: “oh that’s just the ride, the ER is another $5K"" me: ""but, i have insurance"" AH: ""not at this…"	In the United States, all health insurance plans are required to cover the cost of care received in emergency rooms.    https://www.healthcare.gov/using-marketplace-coverage/getting-emergency-care/	MISINFORMED_OR_POTENTIALLY_MISLEADING	1	en	NEEDS_MORE_RATINGS	gaut	https://twitter.com/x/status/1628406408059256833	outdated_info,missing_context	1	2023-02-23 02:12:15
1354865702889533442	1354891631980204040	First they came for our Free Speech, then they came for our Free Markets, next they’ll come for our Free Shipping on orders $50 or more with promo code: FREEDOM50	No one’s free speech has been limited.	MISINFORMED_OR_POTENTIALLY_MISLEADING	1	en	NEEDS_MORE_RATINGS	Madison Cawthorn	https://twitter.com/x/status/1354865702889533442	factual_error,missing_context,unverified_claim	0	2021-01-28 20:38:32
1362511518055694345	1362522457475670020	Ben Rhodes told @J_Insider that @netanyahu — and all Jews — are “corrupt and cruel.” While this view is taking root among some Democrats, does President Biden agree? I hope not.https://t.co/43aFOqgeC2	Ben Rhodes said no such thing, and has, in fact, gone out of his way to make sure he’s clear when he is criticizing a politician, not a people. https://mobile.twitter.com/EliseLabott/status/1362518073312444421	MISINFORMED_OR_POTENTIALLY_MISLEADING	1	en	NEEDS_MORE_RATINGS	Mike Pompeo	https://twitter.com/x/status/1362511518055694345	factual_error,missing_context	1	2021-02-18 22:00:42
1431064081415475203	1431081052622114825	The Biden Administration had no plan and no strategy. They put Americans directly into harm’s way causing American casualties. Resignations are needed.	This is a lie. The withdrawal plan was put in place by Trump before Biden ever got into office. Even still, the Biden administration has evacuated 75,900 people since the end of July.    https://en.wikipedia.org/wiki/Withdrawal_of_United_States_troops_from_Afghanistan_(2020–2021)    https://www.whitehouse.gov/briefing-room/speeches-remarks/2021/08/24/remarks-by-president-biden-on-the-ongoing-evacuation-efforts-in-afghanistan-and-the-house-vote-on-the-build-back-better-agenda/	MISINFORMED_OR_POTENTIALLY_MISLEADING	1	en	NEEDS_MORE_RATINGS	Sen. Marsha Blackburn	https://twitter.com/x/status/1431064081415475203	factual_error,missing_context,unverified_claim	1	2021-08-27 02:28:05
1488570227856375810	1488683974876532742	Apple is working on developing smart wedding rings which will let you know your partners location, where they have been, and if they take the ring off pic.twitter.com/gIIhx6gGC5	Old rumor, based on a ring patent for a gesture input, nothing to do with spousal surveillance.   https://www.patentlyapple.com/patently-apple/2021/04/apple-reveals-future-smart-ring-designs-like-a-multi-ring-system-rings-that-work-with-apple-watch-to-control-on-screen-cont.html	MISINFORMED_OR_POTENTIALLY_MISLEADING	1	en	CURRENTLY_RATED_HELPFUL	SAY CHEESE! 👄🧀	https://twitter.com/x/status/1488570227856375810	factual_error,manipulated_media,outdated_info,missing_context,unverified_claim	1	2022-02-02 01:21:32
1497218172071645195	1497267824921694215	If media reports are accurate, and Judge Jackson has been chosen as the Supreme Court nominee to replace Justice Breyer, it means the radical Left has won President Biden over yet again. The attacks by the Left on Judge Childs from South Carolina apparently worked.	Lindsay Graham voted to confirm Judge Jackson to the DC appellate court last year.  https://www.cnn.com/2021/06/14/politics/ketanji-brown-jackson-confirmation-vote-senate/index.html	MISINFORMED_OR_POTENTIALLY_MISLEADING	1	en	NEEDS_MORE_RATINGS	Lindsey Graham	https://twitter.com/x/status/1497218172071645195	outdated_info,missing_context	1	2022-02-25 17:50:42
1511030478614241280	1511114556138946567	"""Our servicemen and women deserve better from their Commander-in-Chief. Cutting our military and defense spending signals weakness to our foreign adversaries and further threatens our national security.” @RepStefanik https://t.co/VmtorWwUvc pic.twitter.com/BAaQSxoid3"	President Biden’s $813 billion proposal is a 4% increase for the Pentagon, which already spends more than the next 11 countries combined.  https://www.theguardian.com/us-news/2022/apr/03/biden-record-defense-budget-progressive-spending-priorities	MISINFORMED_OR_POTENTIALLY_MISLEADING	1	en	NEEDS_MORE_RATINGS	Armed Services GOP	https://twitter.com/x/status/1511030478614241280	factual_error	1	2022-04-04 22:52:39
1370127482641260544	1370135894137659393	"If you want to add helpful context to any Tweet that might be misleading, open the ••• menu and then hit ""Contribute to Birdwatch"". Try it on this Tweet! pic.twitter.com/fk57uFse7E"	This tweet makes a lot of sense.	NOT_MISLEADING	0	en	NEEDS_MORE_RATINGS	Community Notes	https://twitter.com/x/status/1370127482641260544	factually_correct	1	2021-03-11 22:13:47
1539776139027066880	1550282203656966144	Attend a Build Day to understand what to build with the Twitter API, brainstorm ideas and form teams for the #Chirp Developer Challenge. Learn more:	This event takes place on November 16, 2022. This information is not easily visible in the tweet or the linked page.	NOT_MISLEADING	0	en	NEEDS_MORE_RATINGS	Developers	https://twitter.com/x/status/1539776139027066880	factually_correct	1	2022-07-22 00:50:54
1376320295133442057	1376620280248958976	WARNING: 6.0 earthquake is possible in Northern California during the next 48 hours - most likely 03/29 to 03/30 - https://t.co/Jy5p5TwCyn pic.twitter.com/N0HB1hjcKZ	Earthquakes are not scientifically predictable and tweets like this can cause panic in said areas.	MISINFORMED_OR_POTENTIALLY_MISLEADING	1	en	NEEDS_MORE_RATINGS	EarthquakePrediction	https://twitter.com/x/status/1376320295133442057	unverified_claim	0	2021-03-29 19:40:25
1374644213279772674	1377230298904158213	BÖYLE BÜYÜK BİR SALONDA TOPLANDIĞIMIZ İÇİN BİZİ TENKİT EDİYORSUNUZ. BİZ BÜTÜN DELEGELER DÜN GENEL MERKEZ DE COVİT TESTİ YAPTIRDIK. SALONA GİREN TEK COVİTLİ DELEGE YOK. BİLİNMESİNİ İSTEDİM.	He claims all delegates got tested and results were negative before attending an indoor event but news sources publish many people got infected during the event.	MISINFORMED_OR_POTENTIALLY_MISLEADING	1	en	NEEDS_MORE_RATINGS	İbrahim Melih Gökçek	https://twitter.com/x/status/1374644213279772674	unverified_claim	0	2021-03-31 12:04:25
1376984397962960899	1377423206139723777	Bu videoyu paylaşın! Bu gerçek! #Maske asıl tuzak derken Bu kadarını beklemiyordum! Parazit oluşturacak, milyarlarca yumurtayı Polip çamuruna absorbe etmk çok kolaydır.Almanya'da da, çığlık atan küçük kızın videosunda da, bizde ki de aynı parazitler! Bu bir biyolojik silah! pic.twitter.com/9hTOF5G2gZ	Those black material is not polyp as stated in the video. Those are polypropylene fibers that turn dark and surface when the mask is famped with boiling water. This video may cause serious harm because it may lead other people to stop wearing masks.	MISINFORMED_OR_POTENTIALLY_MISLEADING	1	en	NEEDS_MORE_RATINGS	Serpil Özkan	https://twitter.com/x/status/1376984397962960899	factual_error	0	2021-04-01 00:50:58
1430268396378103809	1430269322262454278	@largedatabank Welcome to Birdwatch! 🎉 You can now add context to Tweets, and rate notes on the Birdwatch site. Check out this how-to guide to help you get going: https://t.co/ldtHFVYFZv If you’d like to jump in now, try writing a note on the Tweet below 👇	It's an official note about Birdwatch.	NOT_MISLEADING	0	en	NEEDS_MORE_RATINGS	Community Notes	https://twitter.com/x/status/1430268396378103809	factually_correct	0	2021-08-24 20:42:34
1496791220827291648	1496931920189480969	Russian plane shot down pic.twitter.com/ZLDwKqHoin	This footage is from the video game Arma 3. Here's an example article that disclaims similar footage: https://factcheck.afp.com/clip-actually-shows-computer-generated-imagery-video-game-0	MISINFORMED_OR_POTENTIALLY_MISLEADING	1	en	NEEDS_MORE_RATINGS	UkraineWorld	https://twitter.com/x/status/1496791220827291648	manipulated_media,unverified_claim	1	2022-02-24 19:35:56
1357078980197810179	1357138454841348096	On a day in which #AlexandriaOcasioSmollett is trending, please never forget the time that @AOC staged a photo shoot dressed in all white at a parking lot to spread lies about immigrant children in cages. Faking her own attempted murder was the next logical step. pic.twitter.com/y8mNNowMGy	Here is someone corroborating AOC's whereabouts on 1/6 https://twitter.com/waltshaub/status/1357113184600096770	MISINFORMED_OR_POTENTIALLY_MISLEADING	1	en	NEEDS_MORE_RATINGS	Candace Owens	https://twitter.com/x/status/1357078980197810179	factual_error	1	2021-02-04 01:26:36
1357484131400048642	1357779296220303366	Trevor Bauer and the #Mets have a deal.	The Dodgers have signed Bauer. https://twitter.com/BleacherReport/status/1357777683577327616	MISINFORMED_OR_POTENTIALLY_MISLEADING	1	en	CURRENTLY_RATED_HELPFUL	Bob Nightengale	https://twitter.com/x/status/1357484131400048642	factual_error,unverified_claim	1	2021-02-05 19:53:05
1389024573031596033	1389025594160123909	Wish @rickastley was alive to see this... These guys are amazing. #RIP	Rick Astley is not dead and this is meant to purely cause confusion. See Wikipedia: https://en.wikipedia.org/wiki/Rick_Astley	MISINFORMED_OR_POTENTIALLY_MISLEADING	1	en	NEEDS_MORE_RATINGS	Larry Legend	https://twitter.com/x/status/1389024573031596033	factual_error,missing_context,unverified_claim,satire	1	2021-05-03 01:14:43
1389023946666745858	1389025941180067841	@rickastley is looking down from heaven and blessing these guys.#RIP	Rick Astley is not dead: https://en.wikipedia.org/wiki/Rick_Astley	MISINFORMED_OR_POTENTIALLY_MISLEADING	1	en	NEEDS_MORE_RATINGS	Larry Legend	https://twitter.com/x/status/1389023946666745858	factual_error,unverified_claim	1	2021-05-03 01:16:05
1390855971833012224	1391040186075713546	My 7-part series on who created COVID-19 can be found here. You don't want to miss it.https://t.co/5EejBQwVuV	This is a lie that has been proven wrong again and again. https://www.ncbi.nlm.nih.gov/search/research-news/9701/	MISINFORMED_OR_POTENTIALLY_MISLEADING	1	en	NEEDS_MORE_RATINGS	Emerald Robinson ✝️	https://twitter.com/x/status/1390855971833012224	factual_error,missing_context,unverified_claim	1	2021-05-08 14:39:59
1403723194117275649	1404416342950924291	Just in from President Trump: “Have you noticed that they are now admitting I was right about everything they lied about before the election?” pic.twitter.com/EYB870ngMl	This statement has multiple pieces of misinformation.    https://www.politifact.com/factchecks/list/?speaker=donald-trump&amp;ruling=false	MISINFORMED_OR_POTENTIALLY_MISLEADING	1	en	NEEDS_MORE_RATINGS	Jenn Pellegrino 🇺🇸	https://twitter.com/x/status/1403723194117275649	factual_error,missing_context,unverified_claim	1	2021-06-14 12:32:03
1414687405156798471	1415357323128754176	Smiling House Dems fly off to DC on a private jet with a case of Miller Lite, breaking House quorum, abandoning their constituents, while the Senate still works. It’s my hope that Senate Dems report tomorrow to do what they were elected to do. We will vote on #SB1. #txlege pic.twitter.com/5Kcc4emNFg	The people in this photo are on a bus. Every available photo online of a bus will confirm this. Such as this bus: https://www.danpatrick.org/on-the-road-with-team-trump/	MISINFORMED_OR_POTENTIALLY_MISLEADING	1	en	NEEDS_MORE_RATINGS	Dan Patrick	https://twitter.com/x/status/1414687405156798471	factual_error,outdated_info,missing_context,unverified_claim	1	2021-07-14 17:07:36
1417474488707473412	1417506709489266699	American social media company Twitter banned me for 12 hrs, censoring me, & violating my freedom of speech. You know who else silences, censors, and bans people they don’t like and want heard. Communist China 🇨🇳 Communism is not good @Twitter Save America Stop Communism!	Tweeting is not covered under the first amendment, and is not considered &quot;freedom of speech&quot; https://www.uscourts.gov/about-federal-courts/educational-resources/about-educational-outreach/activity-resources/what-does	MISINFORMED_OR_POTENTIALLY_MISLEADING	1	en	NEEDS_MORE_RATINGS	Marjorie Taylor Greene 🇺🇸	https://twitter.com/x/status/1417474488707473412	factual_error,missing_context,unverified_claim	1	2021-07-20 15:28:30
1417592852759007236	1417607870141579275	Question: Have you yourself been vaccinated? Greene: Your first question is a violation of my HIPAA rights pic.twitter.com/JuHDovV2mC	This is a fundamental misunderstanding of HIPAA law. A reporter asking this person if she is vaccinated has *NOTHING* to do with HIPAA.    https://www.vox.com/recode/22363011/hipaa-not-hippa-explained-health-privacy	MISINFORMED_OR_POTENTIALLY_MISLEADING	1	en	NEEDS_MORE_RATINGS	Acyn	https://twitter.com/x/status/1417592852759007236	factual_error,missing_context,unverified_claim	1	2021-07-20 22:10:28
1419742648441659395	1419745296150564871	JUST IN: California to Require Mandatory Vaccines for All State Employees, Healthcare Workers https://t.co/w5apyT4Mfk	This is false. They must be vaccinated OR tested for COVID regularly.     https://www.nytimes.com/2021/07/26/us/california-state-vaccine-mandate-employees.html	MISINFORMED_OR_POTENTIALLY_MISLEADING	1	en	NEEDS_MORE_RATINGS	Sean Hannity 🇺🇸	https://twitter.com/x/status/1419742648441659395	factual_error,missing_context,unverified_claim	1	2021-07-26 19:43:50
1421918627679383553	1422297693985165323	If the CDC, Democrats, & media cared about #COVID, they would work as hard as possible to: •End Obesity - 80% of covid hospitalization & deaths. •Close the Border - stop spread of disease. •Study & Promote Effective Treatments like HCQ & More. But they care about control.	According to WHO: FACT: Clinical trials confirm that hydroxychloroquine does not prevent illness or death from COVID-19.    https://www.who.int/emergencies/diseases/novel-coronavirus-2019/advice-for-public/myth-busters?gclid=CjwKCAjwr56IBhAvEiwA1fuqGmEtvqFG6Cj7uHeG-aLK_yP1xkxgjBvpfdp-QiK5LPER_LvCGFAa9RoCxGsQAvD_BwE#chloroquine	MISINFORMED_OR_POTENTIALLY_MISLEADING	1	en	NEEDS_MORE_RATINGS	Marjorie Taylor Greene 🇺🇸	https://twitter.com/x/status/1421918627679383553	factual_error,unverified_claim	1	2021-08-02 20:46:09
1422916941300346883	1422963312195686401	Notice how the narrative is now switching back to the “UN-V are the spreaders?” We’re the dangerous ones? So the V people spread it but we are the ones punished? Make that make sense!!	This is not true. Surge in cases rising among the unvaccinated, causing wider spread of COVID.    https://www.factcheck.org/2021/07/scicheck-covid-19-surges-among-unvaccinated-in-florida-contrary-to-baseless-claims/	MISINFORMED_OR_POTENTIALLY_MISLEADING	1	en	NEEDS_MORE_RATINGS	🇺🇸ProudArmyBrat	https://twitter.com/x/status/1422916941300346883	factual_error,missing_context,unverified_claim	1	2021-08-04 16:51:05
1423016160438542336	1423048327411683336	I have talked to multiple women who say they miscarried healthy pregnancies after taking the #COVID19 vaccine. Not only miscarriages, but also reporting blood clots and heavy & irregular periods after taking the Experimental Use Covid vaccine. Stop vaccine mandates!	This is a lie.    See:    &quot;The study data released so far actually showed only 12.6 % of pregnant women in the study had a miscarriage – not 82%. The study concluded that vaccinations weren't a safety risk for pregnant women.&quot;    https://www.usatoday.com/story/news/factcheck/2021/07/25/fact-check-covid-19-vaccines-not-risky-pregnant-women-study-says/7899594002/	MISINFORMED_OR_POTENTIALLY_MISLEADING	1	en	NEEDS_MORE_RATINGS	Marjorie Taylor Greene 🇺🇸	https://twitter.com/x/status/1423016160438542336	factual_error,missing_context,unverified_claim	1	2021-08-04 22:28:54
1422982610087669760	1423048997963542529	That’s it. Time to IMPEACH BIDEN! https://t.co/Ihxu2yNY3U	This has been proven false time and time again.    “Is it the biggest source of infection to our whole community?” he said, referring to migrants arriving with the virus. “No, it’s maybe one source, and there’s a lot of different sources.&quot;    https://apnews.com/article/public-health-mexico-health-coronavirus-pandemic-immigration-74eba36e8cd2f842987c0e6e57bcfae1	MISINFORMED_OR_POTENTIALLY_MISLEADING	1	en	NEEDS_MORE_RATINGS	Marjorie Taylor Greene 🇺🇸	https://twitter.com/x/status/1422982610087669760	factual_error,missing_context,unverified_claim	1	2021-08-04 22:31:34
1423000811974664194	1423628193714552836	Pfizer only lasts 6 months/	This is simply not true. Less effective does not equal not effective.    https://www.statnews.com/2021/07/28/efficacy-of-pfizer-biontech-covid-vaccine-slips-to-84-after-six-months-data-show/	MISINFORMED_OR_POTENTIALLY_MISLEADING	1	en	NEEDS_MORE_RATINGS	Richard Torricelli	https://twitter.com/x/status/1423000811974664194	factual_error,missing_context,unverified_claim	1	2021-08-06 12:53:05
1425140875194249227	1425454013827403777	For the record, if Fauci didn’t fund the Wuhan lab, we probably wouldn’t be in this mess.	This statement is false. https://www.factcheck.org/2021/05/the-wuhan-lab-and-the-gain-of-function-disagreement/	MISINFORMED_OR_POTENTIALLY_MISLEADING	1	en	NEEDS_MORE_RATINGS	Madison Cawthorn	https://twitter.com/x/status/1425140875194249227	factual_error,outdated_info,missing_context,unverified_claim	1	2021-08-11 13:48:15
1419110484050071559	1428901654045265925	"Fox News prematurely called Arizona for Biden but waited several days to call Alaska for Trump. It was a very coordinated coup. Many ""republicans"" were in on it too."	This is false. Biden won the election. https://apnews.com/article/election-2020-ap-fact-check-joe-biden-donald-trump-technology-49a24edd6d10888dbad61689c24b05a5	MISINFORMED_OR_POTENTIALLY_MISLEADING	1	en	NEEDS_MORE_RATINGS	🇺🇸 Matthew H 🇺🇸	https://twitter.com/x/status/1419110484050071559	factual_error,missing_context,unverified_claim	1	2021-08-21 02:07:56
1504419234834755584	1504502568864694280	"At a Ukrainian film studio, ""corpses of Russian bombing victims"" smoke cigarettes between filming. It's hard to work as a corpse in Ukraine. Shooting all day with short breaks for smoke breaks 🤣 pic.twitter.com/rpWAXxn9Vv"	This scene is from a previously recorded rap video (2020): https://www.youtube.com/watch?v=8sx-aG8e-8M	MISINFORMED_OR_POTENTIALLY_MISLEADING	1	en	NEEDS_MORE_RATINGS	𝕊𝕡𝕣𝕚𝕟𝕥𝕖𝕣 𝕻𝕣𝕖𝕤𝕤	https://twitter.com/x/status/1504419234834755584	factual_error,manipulated_media,missing_context,unverified_claim	1	2022-03-17 16:58:59
1529840898523246592	1530001110718611463	It is Beta, actually, @TIME. You almost got it right. https://t.co/pJ6E4jXZsE	His name is Beto: https://en.wikipedia.org/wiki/Beto_O%27Rourke	MISINFORMED_OR_POTENTIALLY_MISLEADING	1	en	NEEDS_MORE_RATINGS	Lauren Boebert	https://twitter.com/x/status/1529840898523246592	factual_error,missing_context,unverified_claim,satire	1	2022-05-27 01:41:05
1535977763466772481	1536020255667101697	Uber is reportedly buying food delivery company Postmates for $2.65 billion https://t.co/t0ChkMkHXp	Postmates was acquired by Uber in July 2020. https://www.nytimes.com/2020/07/05/technology/uber-postmates-deal.html#:~:text=SAN%20FRANCISCO%20%E2%80%94%20Uber%20has%20agreed,stock%20deal%20on%20Monday%20morning.	MISINFORMED_OR_POTENTIALLY_MISLEADING	1	en	NEEDS_MORE_RATINGS	Bobby Umar | Keynote Speaker 🇨🇦	https://twitter.com/x/status/1535977763466772481	outdated_info,missing_context	1	2022-06-12 16:19:01
1535788374048575489	1536058578469105664	Biden accomplishments 1. Highest gas prices 2. Worst inflation 3. Plummeting crypto prices 4. Highest rent prices ever 5. Created new incomprehensible language If you’re reading this and voted for Biden and you still don’t regret it then you are the American problem.	Crypto is not regulated by the US government. https://www.coindesk.com/learn/is-bitcoin-legal-in-the-united-states/	MISINFORMED_OR_POTENTIALLY_MISLEADING	1	en	NEEDS_MORE_RATINGS	Jake Paul	https://twitter.com/x/status/1535788374048575489	factual_error	1	2022-06-12 18:51:18
1540055729192800256	1540165105324785664	The Biden administration is banning Juuls but distributing free crack pipes. Make it make sense.	Biden Initiative Funds Drug Overdose Prevention, Not ‘Crack Pipes’ https://www.factcheck.org/2022/02/biden-initiative-funds-drug-overdose-prevention-not-crack-pipes/	MISINFORMED_OR_POTENTIALLY_MISLEADING	1	en	CURRENTLY_RATED_HELPFUL	Lauren Boebert	https://twitter.com/x/status/1540055729192800256	factual_error,missing_context,unverified_claim	1	2022-06-24 02:49:10
1544370490692829184	1544379716039229442	Democrats love to talk about dangerous rhetoric. Swalwell is a Russia Hoax conspirator and failed presidential candidate that slept with a Chinese spy. Now he’s comparing me to a deranged murderer. When will Democrats condemn HIS dangerous rhetoric? https://t.co/lyZGAH0DaD	The claim about Swalwell having an intimate relationship with Christine Fang has never been confirmed.    https://www.businessinsider.com/eric-swalwell-christine-fang-suspected-chinese-spy-2020-12	MISINFORMED_OR_POTENTIALLY_MISLEADING	1	en	NEEDS_MORE_RATINGS	Lauren Boebert	https://twitter.com/x/status/1544370490692829184	factual_error,unverified_claim	1	2022-07-05 17:56:32
1545073310559502336	1545390119577952256	Indeed. @JoshShapiroPA and @TomWolfPA are responsible for the deaths of thousands of elderly people. Time to elect @dougmastriano https://t.co/5Q3nEEcWpX	This is false.    COVID nursing home deaths claim is campaign trail mainstay - https://apnews.com/article/2022-midterm-elections-covid-science-health-ab5da360130c3701fac401cbd28def03	MISINFORMED_OR_POTENTIALLY_MISLEADING	1	en	NEEDS_MORE_RATINGS	Tdog	https://twitter.com/x/status/1545073310559502336	factual_error,missing_context,unverified_claim	1	2022-07-08 12:51:31
1544871225188667392	1545390236821327874	Thousands of nursing home deaths… Businesses shuttered… Workers forced to choose the jab or their jobs… ⁰⁰Biden, Wolf, and Shapiro stripped our rights and destroyed our economy As governor, I’ll restore our freedoms and rebuild our economy⁰⁰ It’s time for a change, PA pic.twitter.com/nqaYKhBgpP	This is false.    COVID nursing home deaths claim is campaign trail mainstay - https://apnews.com/article/2022-midterm-elections-covid-science-health-ab5da360130c3701fac401cbd28def03	MISINFORMED_OR_POTENTIALLY_MISLEADING	1	en	NEEDS_MORE_RATINGS	Doug Mastriano	https://twitter.com/x/status/1544871225188667392	factual_error,outdated_info,missing_context,unverified_claim	1	2022-07-08 12:51:59
1545171343527780356	1545390636395896833	Wolf was one of five governors that had the Covid sick sent into the homes . It triggered an explosion of Covid deaths of our dear elderly. Levine knew it and evacuated mom to a hotel suite. Lockdown Josh covered for Wolf and Levine as our loved ones were left to die alone. pic.twitter.com/VaJFf6KR9M	This is false.    COVID nursing home deaths claim is campaign trail mainstay - https://apnews.com/article/2022-midterm-elections-covid-science-health-ab5da360130c3701fac401cbd28def03	MISINFORMED_OR_POTENTIALLY_MISLEADING	1	en	NEEDS_MORE_RATINGS	Doug Mastriano	https://twitter.com/x/status/1545171343527780356	factual_error,outdated_info,missing_context,unverified_claim	1	2022-07-08 12:53:34
1551637558781562880	1551916554786406401	pic.twitter.com/iatAu5umzZ	This photo has been altered. https://www.politifact.com/factchecks/2022/jun/22/viral-image/photo-altered-look-its-marjorie-taylor-greene-wear/	MISINFORMED_OR_POTENTIALLY_MISLEADING	1	en	NEEDS_MORE_RATINGS	Elmontay Slim	https://twitter.com/x/status/1551637558781562880	manipulated_media	1	2022-07-26 13:05:14
1556793230028587009	1556823844643639296	DEFUND THE FBI!	Donald Trump appointed Christopher Wray, who is a Republican, the head of the FBI in 2017. https://www.politico.com/story/2017/06/07/trump-fbi-director-nominee-christopher-wray-239238	MISINFORMED_OR_POTENTIALLY_MISLEADING	1	en	NEEDS_MORE_RATINGS	Former Congresswoman Marjorie Taylor Greene🇺🇸	https://twitter.com/x/status/1556793230028587009	missing_context	1	2022-08-09 02:05:03
1557682550918860800	1558102770988752896	The White House is a bit confused. The inflation rate isn't at 0%, that's Biden's approval rating.	Joe Biden's current approval rating is 40.3% (as of 8/12/22) https://projects.fivethirtyeight.com/biden-approval-rating/	MISINFORMED_OR_POTENTIALLY_MISLEADING	1	en	NEEDS_MORE_RATINGS	Lauren Boebert	https://twitter.com/x/status/1557682550918860800	factual_error,missing_context,unverified_claim	1	2022-08-12 14:47:03
1559242579375439873	1559328358449676288	Lock Them Up!!! pic.twitter.com/Vv56YS9ssR	According to the DOJ, the FBI is not in possession of former President Trump's passports. https://twitter.com/NorahODonnell/status/1559312970173259784	MISINFORMED_OR_POTENTIALLY_MISLEADING	1	en	NEEDS_MORE_RATINGS	Former Congresswoman Marjorie Taylor Greene🇺🇸	https://twitter.com/x/status/1559242579375439873	factual_error,outdated_info,missing_context,unverified_claim	1	2022-08-15 23:57:06
1561070125498990592	1561732760489828363	JFK, Jr. posted this today. 🤔🥰#IYKYK pic.twitter.com/zOxFzPnq48	John F. Kennedy Jr. died on July 16, 1999. https://en.wikipedia.org/wiki/John_F._Kennedy_Jr._plane_crash	MISINFORMED_OR_POTENTIALLY_MISLEADING	1	en	NEEDS_MORE_RATINGS	mythoughtsmyright	https://twitter.com/x/status/1561070125498990592	factual_error,unverified_claim	1	2022-08-22 15:11:20
1580190590947405825	1580589617044422656	The folks who are shitting on Zuck re Oculus should shut up. He is trying to invent something new. Just give him some time to try. Why tear down someone who is actually trying hard?	Mark Zuckerberg didn't invent Oculus, it was acquired by Facebook (now Meta) in 2014. https://about.fb.com/news/2014/03/facebook-to-acquire-oculus/    Oculus was founded and invented by Palmer Luckey, Brendan Iribe, Michael Antonov and Nate Mitchell. https://en.wikipedia.org/wiki/Reality_Labs	MISINFORMED_OR_POTENTIALLY_MISLEADING	1	en	NEEDS_MORE_RATINGS	Michael Seibel	https://twitter.com/x/status/1580190590947405825	factual_error,missing_context,unverified_claim	1	2022-10-13 16:01:45
1586391230698557440	1586804530129387523	blows my mind that 41M adderall prescriptions were dispensed in the US in 2021 41M people casually tweaking on pharmaceutical grade amphetamines every day the re-branding of meth has been one of the greatest marketing campaigns of the decade, truly wild	&quot;Studies show about two-point-five million Americans are prescribed stimulants like Adderall or Ritalin.&quot; https://www.actionnews5.com/2021/07/12/best-life-adults-are-biggest-consumers-adderall-now/	MISINFORMED_OR_POTENTIALLY_MISLEADING	1	en	NEEDS_MORE_RATINGS	Meltem Demirors	https://twitter.com/x/status/1586391230698557440	factual_error,missing_context,unverified_claim	1	2022-10-30 19:37:36
1587083100961619968	1587437185246138368	The same mainstream media democrat activists that sold conspiracy theories for years about President Trump and Russia are now blaming @elonmusk for “internet misinformation” about Paul Pelosi’s friend attacking him with a hammer. The media is source of misinformation.	This is not accurate. The attacker confirmed, himself, that he did not personally know his victims. https://twitter.com/oneunderscore__/status/1587167366168838147	MISINFORMED_OR_POTENTIALLY_MISLEADING	1	en	NEEDS_MORE_RATINGS	Former Congresswoman Marjorie Taylor Greene🇺🇸	https://twitter.com/x/status/1587083100961619968	factual_error,missing_context,unverified_claim	1	2022-11-01 13:31:32
1590086293706641409	1590089391728386048	NEW: Poll workers in Maricopa actively encouraging people to drop off ballots instead of voting in person. Lines 90 minutes in Scottsdale This is voter suppression. People need to be arrested.	Per Maricopa County: &quot;The vast majority of Vote Centers are seeing wait times under 30 minutes&quot;    https://twitter.com/maricopacounty/status/1590069416334880768	MISINFORMED_OR_POTENTIALLY_MISLEADING	1	en	NEEDS_MORE_RATINGS	Charlie Kirk	https://twitter.com/x/status/1590086293706641409	factual_error,missing_context,unverified_claim	1	2022-11-08 21:10:28
1590062144242200576	1590090122665541632	People need to be arrested for what is happening in Maricopa County. It's criminal.	Per Maricopa County: &quot;The vast majority of Vote Centers are seeing wait times under 30 minutes, and whether by tabulator or secure ballot box, all voters are being served.&quot;     https://twitter.com/maricopacounty/status/1590069416334880768	MISINFORMED_OR_POTENTIALLY_MISLEADING	1	en	NEEDS_MORE_RATINGS	Charlie Kirk	https://twitter.com/x/status/1590062144242200576	factual_error,outdated_info,missing_context,unverified_claim	1	2022-11-08 21:13:22
1597351066404020224	1597968869246877700	They just stole Arizona while America watched.	The Maricopa County Board of Supervisors voted unanimously to certify the results of the 2022 election. Kari Lake lost her election. https://www.azcentral.com/story/opinion/op-ed/laurieroberts/2022/11/28/maricopa-county-election-certified-let-grifting-begin/69682663007/	MISINFORMED_OR_POTENTIALLY_MISLEADING	1	en	NEEDS_MORE_RATINGS	BraveHeart™	https://twitter.com/x/status/1597351066404020224	factual_error,missing_context,unverified_claim	1	2022-11-30 15:00:41
1597784586494222337	1597969028777230342	".@KariLake: ""The people who were disenfranchised, the people who care about their elections, who care about their voice being heard were given two minutes to speak and air their grievances. Meanwhile, these clowns running our elections had two weeks to count the votes."" pic.twitter.com/aEIhmNvHNn"	The Maricopa County Board of Supervisors voted unanimously to certify the results of the 2022 election. Kari Lake lost her election. https://www.azcentral.com/story/opinion/op-ed/laurieroberts/2022/11/28/maricopa-county-election-certified-let-grifting-begin/69682663007/	MISINFORMED_OR_POTENTIALLY_MISLEADING	1	en	NEEDS_MORE_RATINGS	Kari Lake	https://twitter.com/x/status/1597784586494222337	factual_error,missing_context,unverified_claim	1	2022-11-30 15:01:19
1597770860219142145	1597969157366095873	".@KariLake: ""The whole system is a joke. And either our courts help us out right now, or I feel we lose this country."" pic.twitter.com/W3ns19WOwG"	The Maricopa County Board of Supervisors voted unanimously to certify the results of the 2022 election. Kari Lake lost her election. https://www.azcentral.com/story/opinion/op-ed/laurieroberts/2022/11/28/maricopa-county-election-certified-let-grifting-begin/69682663007/	MISINFORMED_OR_POTENTIALLY_MISLEADING	1	en	NEEDS_MORE_RATINGS	Kari Lake	https://twitter.com/x/status/1597770860219142145	factual_error,missing_context,unverified_claim	1	2022-11-30 15:01:50
1597733090507751424	1597969290216591367	Today https://t.co/tCU8kwLiZh officially started to deliver the #Election data to the @RealMarkFinchem and @KariLake camps #Midterms2022 Stay tuned…	The Maricopa County Board of Supervisors voted unanimously to certify the results of the 2022 election. Kari Lake lost her election. https://www.azcentral.com/story/opinion/op-ed/laurieroberts/2022/11/28/maricopa-county-election-certified-let-grifting-begin/69682663007/	MISINFORMED_OR_POTENTIALLY_MISLEADING	1	en	NEEDS_MORE_RATINGS	VotifyNow	https://twitter.com/x/status/1597733090507751424	factual_error,outdated_info,missing_context,unverified_claim	1	2022-11-30 15:02:22
1597390350171000832	1597969467316862978	An update on our Fight, Arizona: pic.twitter.com/tXrjrTFDc8	The Maricopa County Board of Supervisors voted unanimously to certify the results of the 2022 election. Kari Lake lost her election. https://www.azcentral.com/story/opinion/op-ed/laurieroberts/2022/11/28/maricopa-county-election-certified-let-grifting-begin/69682663007/	MISINFORMED_OR_POTENTIALLY_MISLEADING	1	en	CURRENTLY_RATED_HELPFUL	Kari Lake	https://twitter.com/x/status/1597390350171000832	factual_error,missing_context,unverified_claim	1	2022-11-30 15:03:04
1597295441418539008	1597969968162914310	“Watching you pledge allegiance to my flag was disgusting… you are vote traffickers. You’ve sold us out.” “Am I bothering you? Because this election bothered me. And you’re doing nothing about it.” pic.twitter.com/nYj268a6Yq	The Maricopa County Board of Supervisors voted unanimously to certify the results of the 2022 election. Kari Lake lost her election. https://www.azcentral.com/story/opinion/op-ed/laurieroberts/2022/11/28/maricopa-county-election-certified-let-grifting-begin/69682663007/	MISINFORMED_OR_POTENTIALLY_MISLEADING	1	en	NEEDS_MORE_RATINGS	Kari Lake War Room	https://twitter.com/x/status/1597295441418539008	factual_error,missing_context,unverified_claim	1	2022-11-30 15:05:03
1597045990447382528	1597970141127606275	Arizonans have no Faith & Trust in our Elections. Our Election Officials are incompetent (…or worse) They have failed us. The Fake News ignores our Fake Elections and expect us to just “move on.” We won’t. America will NOT survive if we don’t demand Election Reform NOW.	The Maricopa County Board of Supervisors voted unanimously to certify the results of the 2022 election. Kari Lake lost her election. https://www.azcentral.com/story/opinion/op-ed/laurieroberts/2022/11/28/maricopa-county-election-certified-let-grifting-begin/69682663007/	MISINFORMED_OR_POTENTIALLY_MISLEADING	1	en	NEEDS_MORE_RATINGS	Kari Lake	https://twitter.com/x/status/1597045990447382528	factual_error,missing_context,unverified_claim	1	2022-11-30 15:05:45
1607111857646469122	1607817006312480771	Do you agree that Justin Trudeau shouldn't be relaxing in Jamaica while Canada's transportation system has gone off the rails? pic.twitter.com/MTyHuRfWf7	This photo was taken in 2015 and it's not in Jamaica: https://twitter.com/amacinto/status/1607624687470759940	MISINFORMED_OR_POTENTIALLY_MISLEADING	1	en	NEEDS_MORE_RATINGS	Stephen Taylor	https://twitter.com/x/status/1607111857646469122	factual_error,outdated_info,missing_context,unverified_claim	1	2022-12-27 19:13:40
1608164393900032001	1608603506478309379	My school had gym class. 2022 schools have sex toys for kindergartners.	Untrue, unfounded and no evidence pointing to anything close to this statement.	MISINFORMED_OR_POTENTIALLY_MISLEADING	1	en	NEEDS_MORE_RATINGS	Kevin Sorbo	https://twitter.com/x/status/1608164393900032001	factual_error,unverified_claim	1	2022-12-29 23:18:57
1362116397673799681	1362133223334170628	@ngerakines Welcome to Birdwatch! 🎉 You can now add context to Tweets, and rate notes on the Birdwatch site. Check out this how-to guide to help you get going: https://t.co/ldtHFVYFZv If you’d like to jump in now, try writing a note on the Tweet below 👇	This is just an example note as directed by the tweet.	NOT_MISLEADING	0	en	NEEDS_MORE_RATINGS	Community Notes	https://twitter.com/x/status/1362116397673799681	factually_correct	1	2021-02-17 20:14:02
1355216803174211588	1355539760593461249	This is untrue. Please do not spread false statements about vaccines.https://t.co/c2Fk15rLkH	The author is confusing the reported efficacy of preventing hospitalization and death, with the reported overall efficacy of preventing infection, the superset of results. Bloomberg coverage (https://www.bloomberg.com/news/articles/2021-01-29/j-j-single-dose-vaccine-provides-strong-shield-against-covid-19) makes this distinction clearly.	MISINFORMED_OR_POTENTIALLY_MISLEADING	1	en	NEEDS_MORE_RATINGS	Barbara Engelhardt	https://twitter.com/x/status/1355216803174211588	missing_context	1	2021-01-30 15:33:58
1357361937743495172	1357389077184737290	*FACT CHECK* I have not once discounted your fear. We were ALL terrified that day. I’m stating the fact that insurrectionists were never in our hallway... because they weren’t. I deal in facts. Unlike you, apparently. https://t.co/S6CWasKNpY	AOC discussed in her Instagram Live (cited by reporter Kara Swisher in https://twitter.com/karaswisher/status/1357386260051066883) the choas and fear of the moment, but at no time says that insurrectionists entered her office. Nancy is “fact checking” claims that were never made.	MISINFORMED_OR_POTENTIALLY_MISLEADING	1	en	NEEDS_MORE_RATINGS	Nancy Mace	https://twitter.com/x/status/1357361937743495172	factual_error,unverified_claim	1	2021-02-04 18:02:29
1417579194251464704	1417606906127032320	Olympics really working overtime to annoy the hell out of everyone.https://t.co/7SmTUrxCNM	This is not about the Olympics. This is about a bronze medal game against Spain at the European Beach Handball Championships.    The first paragraph of the linked article itself reads &quot;Norway’s women’s beach handball team was fined by the European Handball Federation on Monday.”	MISINFORMED_OR_POTENTIALLY_MISLEADING	1	en	NEEDS_MORE_RATINGS	Jen Chaney	https://twitter.com/x/status/1417579194251464704	factual_error	1	2021-07-20 22:06:38
1522656626951532546	1523290137953714176	Reminder that people in the 1950s didn’t fast They didn’t eat low carb They didn’t avoid dessert pic.twitter.com/gQ5cSN8PUR	The first dieting book appeared in 1864. https://source.colostate.edu/the-long-strange-history-of-dieting-fads/	MISINFORMED_OR_POTENTIALLY_MISLEADING	1	en	NEEDS_MORE_RATINGS	Tan Man	https://twitter.com/x/status/1522656626951532546	factual_error,unverified_claim	1	2022-05-08 13:14:04
1526462016134651909	1526462704340283393	Scary thought: Data from fitness trackers can be used to determine when you may be pregnant, which means they could be used to determine when you are no longer pregnant. Governments could potential subpoena that information to build cases against individuals who had abortions.	Multiple online articles pointing out examples of fitness devices being used to detect pregnancy: https://www.theguardian.com/technology/2016/feb/08/fitness-tracker-pregnant-fitbit	NOT_MISLEADING	0	en	NEEDS_MORE_RATINGS	Mike Chambers	https://twitter.com/x/status/1526462016134651909	factually_correct	1	2022-05-17 07:20:43
1387842855519997954	1387861784070029312	"If you want to add helpful context to any Tweet that might be misleading, open the ••• menu and then hit ""Contribute to Birdwatch"". Try it on this Tweet! pic.twitter.com/fk57uFse7E"	Just testing Birdwatch UI as guided by tweets.	NOT_MISLEADING	0	en	NEEDS_MORE_RATINGS	Community Notes	https://twitter.com/x/status/1387842855519997954	factually_correct	0	2021-04-29 20:10:09
1387530261672378368	1387864243186241536	Mitch McConnell just called Nancy Pelosi and is ready to confirm Merrick Garland to the Supreme Court.	This is clearly a joke tweet. Marking it misleading and providing sources on SC vacancies is not necessary.	NOT_MISLEADING	0	en	NEEDS_MORE_RATINGS	Ford News	https://twitter.com/x/status/1387530261672378368	clearly_satire	0	2021-04-29 20:19:55
1388138766599086080	1388893557134561285	This is what happens when you extend unemployment benefits for too long and add a $1400 stimulus payment to it. Right when employers need workers to fully open back up, few can be found. pic.twitter.com/DlrQp8Vzw1	This is anti-stimulus and anti-unemployment rhetoric. It’s not supported by facts.    WSJ: “Is $600 a Week in Extra Unemployment Aid Deterring People From Seeking Work?” [7/29/2020]  https://www.wsj.com/amp/articles/is-600-a-week-in-extra-unemployment-aid-deterring-people-from-seeking-work-11596015000    This is about the previous stimulus but discusses relevant studies.	MISINFORMED_OR_POTENTIALLY_MISLEADING	1	en	NEEDS_MORE_RATINGS	Rep. David Rouzer	https://twitter.com/x/status/1388138766599086080	missing_context,unverified_claim	1	2021-05-02 16:30:03
1444811066266038273	1444877219705196548	First they sell the disease, then they sell you the cure.	The vaccine is free. This is absurd propaganda.	MISINFORMED_OR_POTENTIALLY_MISLEADING	1	en	NEEDS_MORE_RATINGS	Marjorie Taylor Greene 🇺🇸	https://twitter.com/x/status/1444811066266038273	factual_error	0	2021-10-04 04:09:08
1474179269949542400	1474472173884657666	When corporate donations flood into Senator Manchin’s office right before opposing #BuildBackBetter. We’re shocked. pic.twitter.com/qyMSSntyFw	This tweet could cite sources, such as https://thehill.com/homenews/senate/586883-corporate-donors-opened-wallets-to-manchin-before-announcement-he-wont	NOT_MISLEADING	0	en	NEEDS_MORE_RATINGS	Lambda Legal	https://twitter.com/x/status/1474179269949542400	factually_correct	1	2021-12-24 20:08:55
1521492724603658244	1521618006584954881	Last night’s stunning breach was an attack on the independence of the Supreme Court. By every indication, this was yet another escalation in the radical left’s ongoing campaign to bully and intimidate federal judges and substitute mob rule for the rule of law. pic.twitter.com/wvigWvPqm7	There is as yet no evidence whatsoever as to who has leaked this information or what their motives might be. There is also no evidence that leaking the memo constitutes bullying or intimidating federal justices. https://www.foxnews.com/politics/roe-v-wade-draft-leaker-identity-unknown	MISINFORMED_OR_POTENTIALLY_MISLEADING	1	en	NEEDS_MORE_RATINGS	U.S. Senator Mitch McConnell	https://twitter.com/x/status/1521492724603658244	missing_context,unverified_claim	1	2022-05-03 22:29:37
1519441929037090819	1521618624212922368	While the far left has been waging a national anti-police, anti-law-enforcement campaign, violent crime has soared from coast to coast. Cities are under siege. Until federal, state, and local Democrats get with the program, innocent people will continue to suffer.	There is no evidence that increases in crime during the pandemic are the result of Democrat policies. In fact, Republican areas showed the greatest increase in some crimes. https://www.salon.com/2022/03/16/democrats-for--but-new-data-shows-higher-rates-in-red-states/	MISINFORMED_OR_POTENTIALLY_MISLEADING	1	en	NEEDS_MORE_RATINGS	U.S. Senator Mitch McConnell	https://twitter.com/x/status/1519441929037090819	missing_context	1	2022-05-03 22:32:04
1519318056983539712	1521619568082313216	The Biden Administration’s approach to the border is failing America. They are stumbling through this core governing duty with no plan and backward priorities. Democrats would rather appease radicals with functional open borders than conduct the bare minimum in enforcement.	CBP Enforcement actions on the border have actually increased from 683,178 in 2018 to 1,956,519 in 2021 and 1,217,802 in 2022 to date. https://www.cbp.gov/newsroom/stats/cbp-enforcement-statistics	MISINFORMED_OR_POTENTIALLY_MISLEADING	1	en	NEEDS_MORE_RATINGS	U.S. Senator Mitch McConnell	https://twitter.com/x/status/1519318056983539712	factual_error,missing_context,unverified_claim	1	2022-05-03 22:35:50
1521626644083003393	1521671991647891456	"Well-timed new Fox News poll: ""44% think abortion should be legal all (27%) or most of the time (17%), while a majority of 54% thinks it should be illegal all (11%) or most of the time (43%).""https://t.co/8NLsVRv3ps"	This tweet misrepresents the article it references, which says that 63% of people think Roe vs. Wade should stand to only 27% who think it should be overturned, and presents 52% of people saying abortion should be mostly or always legal. https://www.foxnews.com/official-polls/fox-news-poll-just-over-half-favor-banning-abortions-after-15-weeks	MISINFORMED_OR_POTENTIALLY_MISLEADING	1	en	NEEDS_MORE_RATINGS	Josh Kraushaar	https://twitter.com/x/status/1521626644083003393	factual_error,outdated_info,missing_context	1	2022-05-04 02:04:08
1521585591707648001	1521677327091920896	Reportedly 1,223 people died during Pfizer’s post authorization adverse events report. Congress must pass my bill, HR 7308 Justice for Vaccine Victims Act of 2022 to investigate all VAERS Covid vaccine reports & remove liability protections to allow people to seek damages. pic.twitter.com/75C0V1prZ0	VAERS tracks reports of illness or death after people take a new drug or vaccine. Statisticians then determine if the people who have taken it are statistically different from the general population. They’ve found nine deaths caused by the vaccine from 572 million doses. https://www.cdc.gov/coronavirus/2019-ncov/vaccines/safety/adverse-events.html	MISINFORMED_OR_POTENTIALLY_MISLEADING	1	en	NEEDS_MORE_RATINGS	Former Congresswoman Marjorie Taylor Greene🇺🇸	https://twitter.com/x/status/1521585591707648001	factual_error,outdated_info,missing_context	1	2022-05-04 02:25:20
1521797001175834625	1521889786809643008	How many of the women rallying against overturning Roe are over-educated, under-loved millennials who sadly return from protests to a lonely microwave dinner with their cats, and no bumble matches?	Pew Research: 70% of Americans are against completely repealing Roe vs Wade: https://www.pewresearch.org/politics/2019/08/29/u-s-public-continues-to-favor-legal-abortion-oppose-overturning-roe-v-wade/    Polito/Morning Consult: &quot;By a nearly 2-to-1 margin, voters oppose overturning Roe v. Wade&quot;: https://www.politico.com/news/2022/05/04/poll-roe-v-wade-00029889    Majority of Americans say Supreme Court should uphold Roe: https://www.washingtonpost.com/politics/2022/05/03/most-americans-say-supreme-court-should-uphold-roe-post-abc-poll-finds/	MISINFORMED_OR_POTENTIALLY_MISLEADING	1	en	NEEDS_MORE_RATINGS	Matt Gaetz	https://twitter.com/x/status/1521797001175834625	outdated_info,missing_context,satire	1	2022-05-04 16:29:35
1521685968939630592	1521891306347278337	Meet Elizabeth Deutsch. She's currently a law clerk for Justice Breyer. And, in my humble opinion, she's the most likely person to have leaked the draft Supreme Court opinion in Dobbs, purporting to overturn Roe v. Wade. 🧵 pic.twitter.com/V8mfc5hG2I	The identity of the person who leaked the Supreme Court opinion is currently unknown. This tweet is pure speculation which may result in the identified clerk experiencing harassment. https://www.foxnews.com/politics/roe-v-wade-draft-leaker-identity-unknown	MISINFORMED_OR_POTENTIALLY_MISLEADING	1	en	NEEDS_MORE_RATINGS	Will Chamberlain	https://twitter.com/x/status/1521685968939630592	missing_context,unverified_claim	1	2022-05-04 16:35:37
1521497306184306689	1521892764501221376	The SCOTUS Abortion Decision Leak Is What Actual Treasonous Insurrection Looks Likehttps://t.co/gHcApP1qsw	US law states &quot;Treason against the United States, shall consist only in levying War against them, or in adhering to their Enemies, giving them Aid and Comfort&quot;. Leaking an opinion does not meet this standard and in fact may not even be a crime: https://www.wired.com/story/scotus-roe-v-wade-opinion-leak-legal-risk/	MISINFORMED_OR_POTENTIALLY_MISLEADING	1	en	NEEDS_MORE_RATINGS	The Federalist	https://twitter.com/x/status/1521497306184306689	factual_error,missing_context,unverified_claim	1	2022-05-04 16:41:25
1521533008171446275	1521950252328054784	🙄 A lot of good that did in 2020. Dems are going to use this to fundraise and get you to vote for them again despite sitting on their hands for the last two years. Instead of actually standing for anything, their only strategy is scaring you into voting blue. https://t.co/LQNbKYwPI1	Democrats wish to pass Abortion-protecting bills and Democratic states consistently protect the right. However, the Senate has rarely had a filibuster-proof majority for Democrats in the last decades and Republicans campaign and vote consistently against it.    https://www.nytimes.com/2022/05/04/us/abortion-rights-protections.html  https://time.com/6152473/abortion-roe-v-wade-democrats/	MISINFORMED_OR_POTENTIALLY_MISLEADING	1	en	NEEDS_MORE_RATINGS	Susan Sarandon	https://twitter.com/x/status/1521533008171446275	missing_context,unverified_claim	1	2022-05-04 20:29:51
1521840683673391105	1521952461652594688	I derive my stance on abortion from Jesus Christ. Jesus believed that life begins at birth, as the Jews of his time did. He was REALLY specific about how we should treat each other and never ONCE mentioned the unborn. NOT. ONCE. As a Christian, I go with what Jesus said.	Contemporary Jewish law is not entirely clear on whether or not abortion is acceptable under all circumstances, but most contemporary denominations consider it acceptable. There is little evidence of Jewish views contemporaneous with Christ and none of Christ's own views. https://forward.com/news/501397/what-does-jewish-law-say-about-abortion/	MISINFORMED_OR_POTENTIALLY_MISLEADING	1	en	NEEDS_MORE_RATINGS	Pam Keith, Esq.	https://twitter.com/x/status/1521840683673391105	factual_error,outdated_info,missing_context,unverified_claim	1	2022-05-04 20:38:38
1521900364064296960	1521953401457692673	⚡️ “Gay marriage and other rights are at risk after U.S. Supreme Court abortion move” by @Reuters https://t.co/jK5DgIz7dC	While Alito's argument explicitly states that the conclusion he comes to should not be read to have implications for other situations - such as same sex marriage - he also states that decisions based on a presumed right to privacy (including same sex marriage) are unfounded. https://www.politico.com/news/2022/05/02/read-justice-alito-initial-abortion-opinion-overturn-roe-v-wade-pdf-00029504    https://news.bloomberglaw.com/us-law-week/abortion-draft-raises-alarm-over-future-of-privacy-lgbt-rights	NOT_MISLEADING	0	en	NEEDS_MORE_RATINGS	Reuters	https://twitter.com/x/status/1521900364064296960	factually_correct	1	2022-05-04 20:42:22
1521462627783876609	1521954399400054785	Tesla is a profoundly RACIST company, that makes an overpriced car that looks like a suppository. You have better priced, better looking, better performing, and better behaving choices out there. EXPLORE THEM! #BoycottTesla	Tesla has dealt with various claims of racist abuse over the years, with one contractor receiving a $15 million payout for abuse at the plant.     https://www.npr.org/2022/04/14/1092804493/telsa-racial-discrimination-lawsuit-15-million    https://www.theguardian.com/technology/2022/feb/18/tesla-california-racial-harassment-discrimination-lawsuit	NOT_MISLEADING	0	en	NEEDS_MORE_RATINGS	Pam Keith, Esq.	https://twitter.com/x/status/1521462627783876609	factually_correct	1	2022-05-04 20:46:20
1521555460662435840	1521956783379558401	Welp. Abortion is now illegal in the United States. If you didn’t subscribe to the Chapo or cum town Patreon’s in 2016 - congrats, this is on you	The author is a comedian. Abortion is not currently illegal. A leak from the Supreme Court has shown five Conservative justices have voted against Roe vs Wade, but they have not published their decision at this time. When they do, abortion will become illegal in several states. https://www.politico.com/news/2022/05/02/supreme-court-abortion-draft-opinion-00029473	MISINFORMED_OR_POTENTIALLY_MISLEADING	1	en	NEEDS_MORE_RATINGS	Nick Mullen	https://twitter.com/x/status/1521555460662435840	satire	1	2022-05-04 20:55:48
1520420077228732416	1521957785855873025	Fact check: True pic.twitter.com/Hs1B9Vt4pR	Elon Musk owns Tesla and SpaceX. He is currently putting in an offer that has been accepted by Twitter but he does not currently own it. The statement that he 'owns' @aoc is a joke in bad taste.	MISINFORMED_OR_POTENTIALLY_MISLEADING	1	en	NEEDS_MORE_RATINGS	Donald Trump Jr.	https://twitter.com/x/status/1520420077228732416	satire	0	2022-05-04 20:59:47
1521964844978778113	1521977814781595650	After todays testimony from Amber Heard, I can see that Dr. Curry was 100% RIGHT. the way she acts is EXACTLY the way Dr. Curry says she acts her display of fake tears & the over exaggeration she went into to describe the carpet 😂 says it all #DeppVsHeard #JusticeForJohnnyDepp	This exact tweet has been posted a number of times verbatim by other accounts, suggesting it’s either a bot farm or a coordinated campaign. https://twitter.com/robert_campbll/status/1521952038862540800?s=21&amp;t=FEoY0WWaO4A6A3Nb1m2nmQ	MISINFORMED_OR_POTENTIALLY_MISLEADING	1	en	NEEDS_MORE_RATINGS	SamanthaNicole	https://twitter.com/x/status/1521964844978778113		1	2022-05-04 22:19:22
1522095481563893760	1522233631569113089	Vote today to elect hardworking local @Conservatives that get on with the job and deliver in your local area.#VoteConservative pic.twitter.com/84HXrYZKS5	While it is true that some Conservative areas charge very little council tax, there are many ways to cut the data including ways that make Labour sound far better. Channel 4 did an analysis and found not much between the two major parties. https://www.channel4.com/news/factcheck/factcheck-do-labour-or-the-conservatives-charge-lower-council-tax-in-england	MISINFORMED_OR_POTENTIALLY_MISLEADING	1	en	NEEDS_MORE_RATINGS	Liz Truss	https://twitter.com/x/status/1522095481563893760	factual_error,outdated_info,missing_context,unverified_claim	1	2022-05-05 15:15:54
1522230135562326016	1522318011234881536	Let’s just check in on the Left and…holy shlit pic.twitter.com/VaFheK6IV6	Simon Gwynn is English, lives in Sheffield and has around 1800 followers on Twitter. He appears to be the Technology &amp; Gaming editor for Campaign magazine. If his views expressed here were to be taken seriously, they would still not be representative of ‘the left’ in the US.  https://muckrack.com/simon-gwynn/articles	MISINFORMED_OR_POTENTIALLY_MISLEADING	1	en	NEEDS_MORE_RATINGS	Jack Posobiec	https://twitter.com/x/status/1522230135562326016	factual_error,missing_context	1	2022-05-05 20:51:11
1522222832293486593	1522318886837755904	You know, if y'all do go on a sex strike, you won't have to worry about abortions.	There are around 125,000 rapes each year in the US:  https://en.m.wikipedia.org/wiki/Rape_in_the_United_States    Various US states are banning abortion even in the case of rape: https://www.independent.co.uk/news/world/americas/abortion-roe-wade-arkansas-rape-incest-b2071745.html	MISINFORMED_OR_POTENTIALLY_MISLEADING	1	en	NEEDS_MORE_RATINGS	Erick Erickson	https://twitter.com/x/status/1522222832293486593	factual_error,missing_context	1	2022-05-05 20:54:40
1522221553269805058	1522319142581260288	We've had miscarriages and we deeply mourned over each of them. You're trying to delegitimize the grief of miscarriages in order to justify slaughtering children intentionally. You're not only a babbling moron but a soulless asshole on top of it. Well done, Alex. https://t.co/gJozVS1FaW	As many as 50% of pregnancies may end in miscarriage, often so early that the woman may be unaware they have occurred. https://www.webmd.com/baby/guide/pregnancy-miscarriage#091e9c5e80007708-1-1	MISINFORMED_OR_POTENTIALLY_MISLEADING	1	en	NEEDS_MORE_RATINGS	Matt Walsh	https://twitter.com/x/status/1522221553269805058	factual_error	1	2022-05-05 20:55:41
1522211557320581120	1522321024833908736	How is this not the biggest story in America? https://t.co/PsllDTQrNR	There is a shortage of the relevant formula because of a recall. The recall is the result of potential links between infants who were sickened with Cronobacter Sakazakii and who had formula made a particular plant. Substitutes are available. https://www.nytimes.com/wirecutter/blog/baby-formula-shortage-what-to-do/	MISINFORMED_OR_POTENTIALLY_MISLEADING	1	en	NEEDS_MORE_RATINGS	Karol Markowicz	https://twitter.com/x/status/1522211557320581120	missing_context	1	2022-05-05 21:03:10
1522216356011151362	1522321978052407296	I can’t imagine a piece like this about a successful Chinese or even Saudi immigrant. I mean hasn’t the Saudi Royal investment fund owned parts of Twitter and other social media for years now?	While various foreign nationals have owned parts of Twitter since its inception, Elon Musk is planning to own the organization outright specifically because he has issues with the way it handles political issues. His politics and background are relevant to how he’ll handle them https://www.miamiherald.com/opinion/editorials/article261125572.html	MISINFORMED_OR_POTENTIALLY_MISLEADING	1	en	NEEDS_MORE_RATINGS	Thomas Chatterton Williams	https://twitter.com/x/status/1522216356011151362	missing_context	1	2022-05-05 21:06:57
1522209294074187777	1522324114974801922	Nope. Happy to argue against abortion at all stages of pregnancy. You're just not happy to argue in favor of abortion at all stages for any reason, which is your actual position. https://t.co/hOJHS5QREo	No Democratic politician has argued for abortion up until birth for no reason. New York’s much debated legal change only changed it so that it is legal to get an abortion after 24 weeks if “your health is at risk or your pregnancy won’t survive”. https://www1.nyc.gov/site/doh/health/health-topics/abortion.page	MISINFORMED_OR_POTENTIALLY_MISLEADING	1	en	NEEDS_MORE_RATINGS	Ben Shapiro	https://twitter.com/x/status/1522209294074187777	factual_error,outdated_info,missing_context,unverified_claim	1	2022-05-05 21:15:27
1522310674889777152	1522339081211973633	Sweden 🇸🇪 was righthttps://t.co/OMkvnKWSD3 pic.twitter.com/yFb9l4vqXp	The article itself reads: “[While] Sweden fared worse than its Nordic neighbours, lower rates of obesity - a key risk factor for severe coronavirus disease - and a better-resourced healthcare system helped limit fatalities in the country”	MISINFORMED_OR_POTENTIALLY_MISLEADING	1	en	NEEDS_MORE_RATINGS	Dr. Eli David	https://twitter.com/x/status/1522310674889777152	factual_error,outdated_info,missing_context	0	2022-05-05 22:14:55
1522286488989356032	1522340060967759873	🇸🇪 Sweden’s death rate during the Covid pandemic is among the lowest in Europe despite the country refusing to impose strict lockdowns, according to new figures from the World Health Organisationhttps://t.co/MXVHxVzX88	The article states that Sweden did worse than its neighbors that did lockdowns and says other factors drove their lower rates “[While] Sweden fared worse than its Nordic neighbours, lower rates of obesity … and a better-resourced healthcare system helped limit fatalities”	MISINFORMED_OR_POTENTIALLY_MISLEADING	1	en	NEEDS_MORE_RATINGS	The Telegraph	https://twitter.com/x/status/1522286488989356032	missing_context	1	2022-05-05 22:18:48
1523129909828194304	1523143768026673155	Republicans went from learning about the Supreme Court’s decision to overturn Roe to wanting to repeal the 19th Amendment and take away a woman’s right to vote horrifying quickly. We don’t have to imagine what these extremists will do if they get power. They’re telling us.	While a few Republicans have suggested they're interested in repealing a woman's right to vote, and others have indicated that they would hear appeals to outlaw birth control, these statements are currently unusual.     https://twitter.com/EWErickson/status/1522603314327789568?s=20&amp;t=Sj50nOO8rZfMa3dmA-tx1w  https://www.idahostatesman.com/news/politics-government/state-politics/article261207007.html	MISINFORMED_OR_POTENTIALLY_MISLEADING	1	en	NEEDS_MORE_RATINGS	MeidasTouch	https://twitter.com/x/status/1523129909828194304	missing_context	1	2022-05-08 03:32:27
1521613663903404033	1523144443313852421	In the United States, Black women die 3x higher during birth than white women. So when activist Republican Justices make decisions such as this, it tells us everything we need to know: they do not value the lives of women, but especially not that of Black women.#RoeVsWade	It is true that black women are three times as likely to die during pregnancy, birth and postpartum than white women, and therefore true that black women would be affected more by a ban on abortion. It is unclear whether or not that is the intent of the right. https://www.prb.org/resources/black-women-over-three-times-more-likely-to-die-in-pregnancy-postpartum-than-white-women-new-research-finds/	MISINFORMED_OR_POTENTIALLY_MISLEADING	1	en	NEEDS_MORE_RATINGS	Eric Swalwell	https://twitter.com/x/status/1521613663903404033	missing_context	1	2022-05-08 03:35:08
1524868269148192779	1525180045706219521	When President Biden took office, millions were unemployed and there was no vaccine available. In the last 15 months, the economy has created 8.3M jobs and the unemployment rate stands at 3.6% — the fastest decline in unemployment to start a President's term ever recorded.	The vaccine was available before Joe Biden came into office but not for the general public. Biden himself received his first dose on Monday 21st of 2020. It took until April 2021 before the vaccine was widely available to most Americans. https://www.cnn.com/2020/12/21/politics/bidens-coronavirus-vaccination/index.html	MISINFORMED_OR_POTENTIALLY_MISLEADING	1	en	NEEDS_MORE_RATINGS	The White House 46 Archived	https://twitter.com/x/status/1524868269148192779	factual_error,outdated_info,missing_context	1	2022-05-13 18:23:54
1523273187294728192	1526216088853155843	Tell that to the huge number of lesbians, gay men and trans people who email, DM and write me daily to say they agree with every word I've written on the pernicious effects of gender identity ideology. While you're at it, stop telling women what they're allowed to talk about. https://t.co/9HVQMg8vjM	Rowling here misrepresents the number of the LGBTQA+ community who agree with her against trans rights.     Anti-trans protestors are ejected from Pride marches: https://www.manchestereveningnews.co.uk/whats-on/man-evicted-manchester-pride-protest-21438362    Over 80 British LGBTQA+ organisations withdrew from a conference based on the governments’ anti-trans policies: https://www.independent.co.uk/news/uk/politics/stonewall-trans-conversion-lgbtq-protest-b2050586.html	MISINFORMED_OR_POTENTIALLY_MISLEADING	1	en	NEEDS_MORE_RATINGS	J.K. Rowling	https://twitter.com/x/status/1523273187294728192	missing_context,unverified_claim	1	2022-05-16 15:00:45
1526497923529424896	1526573848929312768	So in supposedly defending women’s rights, she can’t even use the word ‘women’ - unbelievable. https://t.co/CvP97fXIcH	Michele Obama used the term ‘womxn’ once in a long post that also used ‘woman’ and ‘women’. The term ‘womxn’ is sometimes used by a minority of progressives because ‘woman’ derives etymologically from ‘wife man’ in Old English.    https://www.foxnews.com/media/michelle-obama-worries-roe-v-wade-womxn-right-health-care?intcmp=tw_fnc    https://www.etymonline.com/word/woman	MISINFORMED_OR_POTENTIALLY_MISLEADING	1	en	NEEDS_MORE_RATINGS	Piers Morgan	https://twitter.com/x/status/1526497923529424896	factual_error,missing_context,unverified_claim	1	2022-05-17 14:42:22
1526474029032431616	1526575530669006849	Doesn’t strike me as very helpful for the Governor of the Bank of England to use words like ‘apocalyptic’ unless we’re actually in an Apocalypse - in which case it doesn’t matter what he says because we’ll all be dead.	The Governor was warning of apocalyptic food prices: https://news.sky.com/story/bank-of-england-governor-warns-of-apocalyptic-food-prices-as-he-defends-inflation-policy-12614703    The term in this context is being used as rhetorical device to indicate a substantial threat to the lives of Britons.     Literally ‘Apocalypse’ is the Ancient Greek word for ‘Revelation’ - the final book of the bible: https://www.etymonline.com/word/apocalypse	MISINFORMED_OR_POTENTIALLY_MISLEADING	1	en	NEEDS_MORE_RATINGS	Piers Morgan	https://twitter.com/x/status/1526474029032431616	missing_context	1	2022-05-17 14:49:03
1526961753619369987	1527014438225604608	Despite Tesla doing more for the environment than any company ever! pic.twitter.com/ImxrhnRepj	ESG scores helpidentify ethical investments. Agencies calculate the score using data provided by companies, taking into account everything from animal welfare to employee/executive compensation. https://en.wikipedia.org/wiki/Environmental,_social,_and_corporate_governance#History    TSLA just lost its spot on the S&amp;P Global index that tracks high-ESG companies  https://www.bloomberg.com/news/articles/2022-05-18/musk-says-esg-an-outrageous-scam-after-tesla-index-exclusion	MISINFORMED_OR_POTENTIALLY_MISLEADING	1	en	NEEDS_MORE_RATINGS	Elon Musk	https://twitter.com/x/status/1526961753619369987	factual_error,missing_context	1	2022-05-18 19:53:07
