URL	Author	datePublished	claimReviewed	reviewBody	title	ratingValue	bestRating	alternativeName	is_health	health_categories
https://aosfatos.org/noticias/governo-bolsonaro-nao-suspendeu-distribuicao-de-insulina-no-sus/	https:www.aosfatos.org	2019-07-22	Espaço dedicado para os eleitores do Bolsonaro explicarem a retirada da INSULINA do SUS.	Publicações que circulam nas redes sociais veja aqui enganam ao afirmar que o governo encerrou a distribuição de insulina no SUS Sistema nico de Saúde. O que aconteceu, na verdade, foi a suspensão de parcerias com laboratórios públicos que produzem, entre outros medicamentos, dois tipos do hormônio indicado no tratamento de diabetes. O Ministério da Saúde afirma que essa medida não afeta o abastecimento de insulina na rede pública e que o fornecimento está regular em todos os estados.	Governo Bolsonaro não suspendeu distribuição de insulina no SUS | Aos Fatos	1	5	falso	1	doenca_sintoma,medicamento_tratamento,saude_publica_sistema
https://aosfatos.org/noticias/e-falso-que-reforma-tira-de-pessoas-com-deficiencia-direito-pensao-por-morte/	https:www.aosfatos.org	2019-07-17	As crueldades da Reforma da PrevidênciaPessoas com síndrome de down, autismo, esquizofrenia e transtornos considerados de moderados a médio perdem o direito a pensão após morte de pais ou responsáveis.	Uma publicação que circula nas redes sociais afirma que, com a reforma da Previdência, pessoas com Síndrome de Down, autismo, esquizofrenia e transtornos considerados moderados perderão direito à pensão após a morte de seus responsáveis veja aqui. No entanto, o texto-base aprovado em primeiro turno pela Câmara dos Deputados no dia 10 de julho não traz essa informação.	É falso que reforma tira de pessoas com deficiência direito à pensão por morte | Aos Fatos	1	5	falso	1	doenca_sintoma
https://aosfatos.org/noticias/e-falso-que-bolsonaro-importara-tecnologia-que-remove-cancer-de-mama-sem-cirurgia/	https:www.aosfatos.org	2019-07-16	Câncer no seio não precisa mais fazer cirurgia. Presidente Bolsonaro vai autorizar a importação dessa tecnologia de Israel. Embora chamado de machista, foi o único presidente que se lembrou em primeiro lugar das mulheres Vamos divulgar!	Não é verdade que o governo Bolsonaro vai autorizar a importação de uma tecnologia israelense que promete extrair tumores sem a remoção da mama. O método existe de fato, mas não foi inventado em Israel nem tem eficácia comprovada na eliminação do câncer de mama. O Ministério da Saúde também negou que estude a adoção deste processo no SUS Sistema nico de Saúde.	É falso que Bolsonaro importará tecnologia que remove câncer de mama sem cirurgia | Aos Fatos	1	5	falso	1	doenca_sintoma,medicamento_tratamento,saude_publica_sistema
https://aosfatos.org/noticias/meme-falseia-e-distorce-dados-sobre-tramitacao-de-processo-de-lula-na-justica/	https:www.aosfatos.org	2019-04-23	A justiça brasileira não é lenta.  você que é pobre. O Lula, que é RICO, teve 145 habeas corpus analisados, mobilizando 175 juízes em 44 instâncias [e] pulando na frente de 3.730.138 processos. Enquanto isso você espera 8 anos para a Justiça decidir que o SUS deve lhe dar o remédio que salvará sua vida.	Um meme que circula nas redes sociais traz informações falsas e distorcidas sobre a tramitação do processo do ex-presidente Luiz Inácio Lula da Silva PT na Justiça ao sugerir que ele teve tratamento privilegiado em relação a outros réus.	Meme falseia e distorce dados sobre tramitação de processo de Lula na Justiça | Aos Fatos	1	5	falso	1	medicamento_tratamento,saude_publica_sistema
https://aosfatos.org/noticias/lula-nao-vetou-distribuicao-de-vacina-contra-meningite-posts-distorcem-informacoes/	https:www.aosfatos.org	2019-03-07	Lula vetou em 2010 vacina para meningite, doença que matou seu neto de 7 anos.	Por mais que o ex-presidente Lula tenha vetado um projeto que incluiria a vacina da meningite meningocócica C no Calendário Nacional de Vacinação do SUS Sistema nico de Saúde, é errado afirmar que o petista negou sua distribuição. Lula vetou o projeto porque ele previa a inclusão de vacinas que já estavam sendo distribuídas pelo sistema público de saúde.	Lula não vetou distribuição de vacina contra meningite; sites distorcem informações | Aos Fatos	3	5	distorcido	1	doenca_sintoma,saude_publica_sistema,vacina_imunizacao
https://aosfatos.org/noticias/lulu-santos-nao-publicou-carta-do-diario-de-s-paulo-boato-de-2013-ressurge-nas-redes/	https:www.aosfatos.org	2019-03-01	S.S.O  TAPA NA CARA DA NAO. ..!!!DESABAFO ... !!!Vejam o que o cantor Lulu Santos escreveu hoje no Jornal Diário de São Paulo.Acordem povo Brasileiro.Estamos sendo ridicularizados no mundo inteiro. Somos todos um bando de bobos, imbecis.Cantor de MPB em Carta publicada no Jornal Diário de São Paulo.Hoje, vendo pessoas morrendo em filas de Hospitais, bandidos matando por R$ 10,00 e pessoas andando feito zumbis nas ruas por causa das drogas, adolescentes que não sabem quanto é 6 x 8, meninas de 14 anos parindo filhos sem pais, toda a classe política desse país esfregando a bandalheira na nossa cara e desfilando uma incompetência absurda, o nosso país sendo ridicularizado por tantos escândalos...Eu peço perdão ao Brasil pela porcaria que fiz...Deveria ter ficado em casa quieto ao invés de ir às ruas. Lutei pra que Pra ver corrupto no poder fazendo manobras pra se manter no poder e por quê agora estamos quietos Cade você nas ruas Esqueçam cor de bandeiras. Vamos nos unir e lutar por um só motivo: nossos direitos.SOMOS mais de trinta milhões de aposentados!Não podemos admitir:Policial R$ 3.660,00 para arriscar a vida;Bombeiro R$ 3.960,00 para salvar vidas;Professor R$ 2.200,00 para preparar para a vida;Médico R$ 9.260,00 para manter a vida;E o Deputado Federal R$ 26.700,00 Salário R$ 94.300,00 Verba de GabineteR$ 53.400,00 Auxílio PaletóR$ 5.000,00 Combustível R$ 22.000,00 Auxílio Moradia R$ 59.000,00 Passagens Aéreas R$ 17.997,00 Auxílio Saúde R$ 12.100,00 Auxílio Educação R$ 16.400,00 Auxílio Restaurante R$ 13.400,00 Auxílio Cultural Auxílio DentistaAuxílio Farmácia E outros, para LASCAR as nossas vidas!E o trabalhador R$ 954,00 para sustentar a família.Será que o problema do Brasil são os trabalhadores Os aposentados Vamos impor a eles que façam uma REFORMA PROFUNDA na política nacional.Publique!!!Se você repassar para somente 2 amigos nas primeiras horas, em 28 horas toda a população brasileira vai tomar conhecimento deste ABSURDO.	Voltou a circular pelas redes sociais um boato clássico sobre um texto supostamente escrito pelo cantor Lulu Santos no jornal Diário de S. Paulo. O desabafo lista problemas no Brasil e chama a atenção dos brasileiros para lutarem por uma reforma profunda na política nacional.	Lulu Santos não publicou carta no Diário de S.Paulo; boato ressurge nas redes | Aos Fatos	1	5	falso	1	saude_publica_sistema
https://aosfatos.org/noticias/e-falso-que-primeira-dama-pediu-ao-governo-envio-de-veterinarios-para-resgatar-animais-em-brumadinho/	https:www.aosfatos.org	2019-01-28	Pedi com os olhos cheios de lágrimas para o Ministro da Agricultura o envio de veterinários para cuidar dos animais que estavam sendo esquecidos, ele disponibilizou cerca de 100 médicos veterinários que já estão em Brumadinho dando auxílio ...	Além de ser uma postagem de um perfil falso de Michelle Bolsonaro, também é falsa a informação de que a primeira-dama pediu ao Ministério da Agricultura o envio de veterinários para cuidar dos animais vítimas do desastre de Brumadinho MG. O Ministério nega que tenha recebido qualquer tipo de pedido semelhante.	É falso que primeira-dama pediu ao governo envio de veterinários para resgatar animais em Brumadinho | Aos Fatos	1	5	falso	1	saude_publica_sistema
https://aosfatos.org/noticias/cortar-acucar-ou-tomar-limao-e-oleo-de-coco-nao-curam-cancer-texto-traz-informacoes-falsas/	https:www.aosfatos.org	2019-01-15	O Dr. Gupta diz que ninguém deve morrer de câncer, exceto sem atenção.	Cortar definitivamente o consumo de açúcar, beber limão com água quente e ingerir óleo de côco não curam o câncer. As informações falsas estão em uma corrente atribuída ao Dr. Gupta que está se espalhando pelas redes sociais.	Cortar açúcar ou tomar limão e óleo de coco não curam câncer; texto traz informações falsas | Aos Fatos	1	5	falso	1	doenca_sintoma
https://aosfatos.org/noticias/pf-nao-interceptou-remessa-de-dolares-de-cuba-ao-pt-em-caixas-de-medicamento/	https:www.aosfatos.org	2018-11-30	Polícia federal.Porto de Santos. 60 baús de medicamentos cheios de bilhões de dolares.Nosso dinheiro do mais médicos que vai para Cuba e agora volta para financiar guerrilha armada do PT. Mais de vinte petistas preso em flagrante. Repassem. Repassem para o Brasil Inteiro saber o que eles fizeram com o nosso Brasil, e o destino da maldade que seria usado esse dinheiro! Disfarçados de etiquetas de medicamentos. Cheios de Dólares para espanto dos policiais.	As mesmas caixas que aparecem no vídeo também constam em fotos de um relatório encaminhado por especialistas ao Conselho de Segurança da ONU em 2017, que trata, entre outros assuntos, de milhões de dólares em espécie que desapareceram da Líbia após a queda de Kadafi, em 2011. Placas afixadas na tampa das caixas trazem inscrições em árabe e a data 15072011, o que também demonstra não haver vínculos com PT e Cuba.	PF não interceptou remessa de dólares de Cuba ao PT em caixas de medicamento | Aos Fatos	1	5	falso	1	medicamento_tratamento,saude_publica_sistema
https://aosfatos.org/noticias/bolsonaro-nao-disse-que-pacientes-com-cancer-custam-muito-caro-e-que-vai-cortar-tratamento/	https:www.aosfatos.org	2018-11-22			Bolsonaro não disse que paciente com câncer 'custa muito caro' e que vai cortar tratamento | Aos Fatos	1	5	falso	1	doenca_sintoma
https://aosfatos.org/noticias/cubanos-nao-tem-privilegio-no-edital-do-mais-medicos-texto-no-whatsapp-e-enganoso/	https:www.aosfatos.org	2018-11-21	O programa Mais Médicos, além de privilegiar os cubanos, dificulta o ingresso de médicos brasileiros, vocês sabiam	Não é verdade que o governo federal realiza apenas uma chamada do programa Mais Médicos para profissionais brasileiros, nem que a maioria das vagas são preenchidas por médicos cubanos ou que a formação dos profissionais da ilha caribenha dura apenas quatro anos. Estas e outras informações incorretas, no entanto, estão sendo compartilhadas no WhatsApp como verdadeiras em um texto supostamente escrito por uma médica.	Cubanos não têm privilégio no edital do Mais Médicos; texto no WhatsApp é enganoso | Aos Fatos	1	5	falso	1	saude_publica_sistema
https://aosfatos.org/noticias/escolas-de-medicina-de-cuba-formam-mais-de-3600-medicos-por-ano-e-nao-300-como-diz-meme/	https:www.aosfatos.org	2018-11-21	Raciocinem! Existem apenas duas Universidades de Medicina em Cuba. La Habana: forma em média 200 médicos por ano; Elam - Escuela Latinoamericana de Medicina: forma em média 100 alunos por ano.	Uma imagem que circula nas redes sociais engana ao afirmar que Cuba tem apenas duas escolas de medicina, que, juntas, formam 300 médicos por ano. Na verdade, a ilha caribenha tem 12 universidades da área e, somente das duas citadas na montagem  Universidade de Ciências Médicas de Havana e Escola Latinoamericana de Medicina , saem mais de 3.500 novos profissionais por ano, em média.	Escolas de medicina de Cuba formam mais de 3.600 médicos por ano, e não 300, como diz meme | Aos Fatos	1	5	falso	1	saude_publica_sistema
https://aosfatos.org/noticias/video-de-medica-reune-diversas-informacoes-falsas-sobre-mais-medicos/	https:www.aosfatos.org	2018-11-19	Vídeo em que médica diz que os médicos cubanos são proibidos de trazer familiares ao Brasil; que o governo não dá nenhum incentivo para médicos brasileiros trabalharem nas áreas do programa e que os médicos cubanos do programa realizam tratamentos defasados.	Não é verdade que os médicos cubanos não podem trazer familiares ao Brasil, que esses profissionais usam remédios que já não são mais indicados eque o Mais Médicos não oferece oportunidades para os brasileiros. Estas e outras informações falsas ou insustentáveis, veiculadas em vídeo gravado por uma médica de Roraima, estão circulando desde a divulgação da decisão de Cuba em sair do programa.	Vídeo viral de médica reúne várias informações falsas sobre Mais Médicos | Aos Fatos	1	5	falso	1	medicamento_tratamento,saude_publica_sistema
https://aosfatos.org/noticias/dipirona-nao-e-importada-da-venezuela-nem-esta-infectada-por-virus-mortal/	https:www.aosfatos.org	2018-11-07	Notícia importante. Vírus encontrado em medicamento importado da Venezuela [...] Não tomem o novo Dipirona que vem escrito S500. [...] Os médicos comprovam que contém vírus Marburg, considerados um dos vírus mais perigosos do mundo e com alta taxa de mortalidade.	Não é verdade que uma nova dipirona importada da Venezuela estaria contaminada com o vírus Marburg, como alardeia um áudio que se espalhou pelo WhatsApp nos últimos dias. A mensagem traz ainda uma foto de embalagem e frasco do medicamento Dipimed. O remédio, porém, é produzido no Brasil há mais de 30 anos e tampouco contém vírus, como já desmentiram a Anvisa Agência Nacional de Vigilância Sanitária e o laboratório responsável. Além disso, o Marburg é um vírus encontrado no sul da frica, e não há registro da sua presença na Venezuela.	Dipirona não é importada da Venezuela nem está infectada por vírus mortal | Aos Fatos	1	5	falso	1	medicamento_tratamento,saude_publica_sistema
https://aosfatos.org/noticias/audio-de-de-bolsonaro-em-conversa-exaltada-no-hospital-e-falso/	https:www.aosfatos.org	2018-09-21	udio gravado por enfermeira mostra Bolsonaro surtando após divulgação de pesquisa Ibope	 falso um áudio que tem circulado nas redes sociais cuja voz é atribuída aJair Bolsonaroe que teria sido gravado por uma enfermeira do hospital Albert Einstein, em São Paulo, onde o presidenciável do PSL segue internado. A veracidade do conteúdo foi desmentida pela assessoria do hospital nesta sexta-feira 21 e pelos filhos do candidato, Carlos e Flávio Bolsonaro, em publicações no Twitter.	Áudio de Bolsonaro em conversa exaltada no hospital é falso | Aos Fatos	1	5	falso	1	saude_publica_sistema
https://aosfatos.org/noticias/jair-bolsonaro-nao-entrou-andando-no-hospital-apos-ser-atacado/	https:www.aosfatos.org	2018-09-06	Foto mostra o candidato que sofreu uma tentativa de homicídio entrando a pé no hospital.	Isso é FALSO, já que essa foto não retrata o real momento em que Bolsonaro deu entrada no hospital após o atentado. No registro, pessoas estão vestidas com uniformes de centro cirúrgico, mas a imagem se refere a um evento anterior ao atentado, realizado na entre o fim da manhã e o início da tarde na Associação Feminina de Prevenção e Combate ao Câncer de Juiz de Fora Ascomcer.	Jair Bolsonaro não entrou andando no hospital após ser atacado | Aos Fatos	1	5	falso	1	doenca_sintoma,medicamento_tratamento,saude_publica_sistema
https://aosfatos.org/noticias/virus-zika-nao-foi-criado-pelos-rockefeller-nao-tem-patente-e-nao-gera-lucro-com-vacinas/	https:www.aosfatos.org	2018-07-26	O zika vírus foi criado e patenteado pela família Rockefeller e seu objetivo é matar milhões de pessoas, além de lucrar com a venda de vacinas.	O vírus Zika não foi patenteado, muito menos criado pela família Rockefeller, mas apenas descoberto em um centro de pesquisa financiado pela Rockefeller Foundation. Além disso, eles não lucram com a venda de vacinas, já que ela nem existe ainda e o vírus zika não mata milhões de pessoas; na verdade, as mortes registradas são de bebês e crianças por causa de malformações no Brasil, o Ministério da Saúde suspeita de cerca de mil mortes de 2015 até agora. Portanto, o conteúdo do site Sempre Questione é FALSO.	Vírus zika não foi criado pelos Rockefeller, não tem patente e não gera lucro com vacinas | Aos Fatos	4	5	exagerado	1	doenca_sintoma,epidemia_infeccao,saude_publica_sistema,vacina_imunizacao
https://aosfatos.org/noticias/ciro-gomes-nao-garantiu-que-vai-diminuir-salarios-de-medicos-site-distorce-informacoes/	https:www.aosfatos.org	2018-06-06	Ciro Gomes garante que vai diminuir salários de médicos, caso chegue ao Planalto.	Não é verdade que Ciro Gomes garante que vai diminuir salários de médicos, caso chegue ao Planalto.A postagem sustenta a afirmação com base em um vídeo com trecho de uma entrevista concedida por Ciro Gomes a estudantes na Argentina, em junho de 2016. Nela, Ciro, atual pré-candidato do PDT à Presidência da República, tece críticas ao nível da remuneração dos médicos no interior do Brasil, classificado por ele como fora da realidade, e sugere genericamente que pondere o orçamento discriminado de recursos humanos. Em nenhum momento, porém, ele garante que, se eleito presidente, reduzirá salários dos médicos.	Ciro Gomes não garantiu que vai diminuir salários de médicos; site distorce informações | Aos Fatos	1	5	falso	1	saude_publica_sistema
https://apublica.org/2018/10/truco-verdades-e-mentiras-misturam-se-em-corrente-contra-haddad/	https:apublica.org	2018-10-18	'Haddad deixou 340 mil pessoas sem atendimento médico em São Paulo.'	Corrente que circula no WhatsApp diz que Haddad deixou 340 mil pessoas sem atendimento médico em São Paulo.	Verdades e mentiras misturam-se em corrente contra Haddad - Agência Pública	1	8	Falso	1	saude_publica_sistema
https://apublica.org/2018/09/truco-marina-silva-usa-dado-inexistente-sobre-leitos-ociosos-no-sus/	https:apublica.org	2018-09-20	Hoje, 50% dos leitos ociosos no SUS.	Marina Silva REDE, em entrevista ao G1 e CBN, afirmou que hoje, por exemplo, há 50% dos leitos ociosos no SUS.	Marina Silva usa dado inexistente sobre leitos ociosos no SUS - Agência Pública	2	8	Impossível provar	1	saude_publica_sistema
https://apublica.org/2018/09/truco-checamos-os-5-principais-candidatos-a-vice-presidente/	https:apublica.org	2018-09-14	O Brasil gasta R$ 3 por pessoa por dia para fazer desde vacina até transplante no SUS.	Eduardo Jorge PV, candidato a vice-presidente na chapa de Marina Silva REDE, em entrevista ao programa Hora do Voto, disse que o Brasil gasta R$ 3 por pessoa por dia para fazer desde vacina até transplante no SUS.	Checamos os 5 principais candidatos a vice-presidente - Agência Pública	8	8	Verdadeiro	1	saude_publica_sistema,vacina_imunizacao
https://apublica.org/2018/08/truco-erros-e-acertos-dos-candidatos-em-5-frases-sobre-saude/	https:apublica.org	2018-08-15	170 milhões de brasileiros só têm o SUS como porta de acesso à saúde.	Ciro Gomes PDT, em entrevista na Rádio Bandeirantes, afirmou que 170 milhões de brasileiros só têm o SUS como porta de acesso à saúde.	Erros e acertos dos candidatos em 5 frases sobre saúde - Agência Pública	4	8	Exagerado	1	saude_publica_sistema
https://apublica.org/2018/08/truco-erros-e-acertos-dos-candidatos-em-5-frases-sobre-saude/	https:apublica.org	2018-08-15	'Hoje, em 10% dos 5.570 municípios, o câncer é a principal causa de morte.'	Geraldo Alckmin PSDB, em entrevista para o portal Metrópoles, afirmou que, hoje, em 10% dos 5.570 municípios, o câncer é a principal causa de morte.	Erros e acertos dos candidatos em 5 frases sobre saúde - Agência Pública	8	8	Verdadeiro	1	doenca_sintoma
https://apublica.org/2018/08/truco-erros-e-acertos-dos-candidatos-em-5-frases-sobre-saude/	https:apublica.org	2018-08-15	'Ninguém tem qualquer comprovação de que os 12 mil médicos do programa Mais Médicos têm qualquer conhecimento de medicina.	Jair Bolsonaro PSL, no programa Mariana Godoy Entrevista, da RedeTV!, disse que ninguém tem qualquer comprovação de que os 12 mil médicos do programa Mais Médicos têm qualquer conhecimento de medicina.	Erros e acertos dos candidatos em 5 frases sobre saúde - Agência Pública		8		1	saude_publica_sistema
https://apublica.org/2018/07/truco-levy-fidelix-exagera-impostos-em-medicamentos/	https:apublica.org	2018-07-18	Nos remédios se pagam impostos que vão de 40% a 60%.	O pré-candidato à Presidência Levy Fidelix disse que nos remédios se pagam impostos que vão de 40% a 60%.	Levy Fidelix exagera impostos em medicamentos - Agência Pública	4	8	Exagerado	1	medicamento_tratamento
https://apublica.org/2018/07/truco-levy-fidelix-exagera-impostos-em-medicamentos/	https:apublica.org	2018-07-18	Hoje 2% da população possuem 70% da renda nacional.	O pré-candidato à Presidência Levy Fidelix disse que hoje 2% da população possuem 70% da renda nacional.	Levy Fidelix exagera impostos em medicamentos - Agência Pública	4	8	Exagerado	1	medicamento_tratamento
https://apublica.org/2018/07/truco-levy-fidelix-exagera-impostos-em-medicamentos/	https:apublica.org	2018-07-18	A dívida hoje do Brasil está por volta de R$ 5 trilhões.	O pré-candidato à Presidência Levy Fidelix afirmou que a dívida hoje do Brasil está por volta de R$ 5 trilhões.	Levy Fidelix exagera impostos em medicamentos - Agência Pública	8	8	Verdadeiro	1	medicamento_tratamento
https://apublica.org/2018/02/truco-correntes-de-whatsapp-espalham-informacoes-falsas-sobre-febre-amarela/	https:apublica.org	2018-02-06	'O própolis entra na corrente sanguínea, o cheiro é exalado e os mosquitos não picam.'	Corrente de WhatsApp sobre a febre amarela diz que o própolis entra na corrente sanguínea, o cheiro é exalado e os mosquitos não picam. 	Correntes de WhatsApp espalham informações falsas sobre febre amarela - Agência Pública	1	8	Falso	1	doenca_sintoma
https://apublica.org/2018/02/truco-correntes-de-whatsapp-espalham-informacoes-falsas-sobre-febre-amarela/	https:apublica.org	2018-02-06	'A forma grave da febre amarela é raríssima.'	Corrente de WhatsApp sobre a febre amarela diz que a forma grave da doença é raríssima.	Correntes de WhatsApp espalham informações falsas sobre febre amarela - Agência Pública	4	8	Exagerado	1	doenca_sintoma
https://apublica.org/2018/02/truco-correntes-de-whatsapp-espalham-informacoes-falsas-sobre-febre-amarela/	https:apublica.org	2018-02-06	'Grande parcela da população brasileira é imune ao vírus da febre amarela, por já ter contraído a doença anteriormente.'	Corrente de WhatsApp sobre a febre amarela diz que grande parcela da população brasileira é imune ao vírus, por já ter contraído a doença anteriormente.	Correntes de WhatsApp espalham informações falsas sobre febre amarela - Agência Pública	1	8	Falso	1	doenca_sintoma,epidemia_infeccao
https://apublica.org/2018/02/truco-correntes-de-whatsapp-espalham-informacoes-falsas-sobre-febre-amarela/	https:apublica.org	2018-02-06	A bula traz como reações e danos: meningite, síndrome de Guillain-Barré e encefalopatias.'	Corrente de WhatsApp sobre a febre amarela diz que na bula da vacina constam como reações e danos colaterais: meningite, síndrome de Guillain-Barré e encefalopatias.	Correntes de WhatsApp espalham informações falsas sobre febre amarela - Agência Pública	4	8	Exagerado	1	doenca_sintoma,vacina_imunizacao
https://apublica.org/2018/02/truco-correntes-de-whatsapp-espalham-informacoes-falsas-sobre-febre-amarela/	https:apublica.org	2018-02-06	'A vacina da febre amarela contém um porcentual absurdo de mercúrio.'	Corrente de WhatsApp sobre a febre amarela diz que a vacina contém um porcentual absurdo de mercúrio.	Correntes de WhatsApp espalham informações falsas sobre febre amarela - Agência Pública	1	8	Falso	1	doenca_sintoma,vacina_imunizacao
https://apublica.org/2018/02/truco-correntes-de-whatsapp-espalham-informacoes-falsas-sobre-febre-amarela/	https:apublica.org	2018-02-06	'Está havendo uma campanha de vacinação contra a febre amarela porque o governo está com estoque alto e não quer deixar vencer.  preciso garantir o lucro da indústria farmacêutica.'	Corrente de WhatsApp sobre a febre amarela diz que está havendo uma campanha de vacinação porque o governo está com estoque alto e não quer deixar vencer. Além disso, é preciso garantir o lucro da indústria farmacêutica.	Correntes de WhatsApp espalham informações falsas sobre febre amarela - Agência Pública	1	8	Falso	1	doenca_sintoma,vacina_imunizacao
https://apublica.org/2018/01/truco-checamos-quatro-frases-sobre-os-riscos-do-aborto/	https:apublica.org	2018-01-22	Tudo o que se conhece sobre ele [Cytotec] a este respeito é o resultado de uma prática clínica muito informal, irregular e completamente assistemática.  algo muito diferente de um medicamento onde há multidões de professores e cientistas constantemente pesquisando, debatendo e aperfeiçoando o conhecimento sobre a ação e o uso do remédio.	Um site afirma que não há estudos comprovando a eficácia do misoprostol  	Checamos quatro frases sobre os riscos do aborto - Agência Pública	1	8	Falso	1	medicamento_tratamento
https://apublica.org/2018/01/truco-checamos-quatro-frases-sobre-os-riscos-do-aborto/	https:apublica.org	2018-01-22	Em 50% dos casos, sem importar quando o medicamento é tomado, não se consegue abortar.	O site alega que na metade dos casos o misoprostol não funciona como método abortivo	Checamos quatro frases sobre os riscos do aborto - Agência Pública	1	8	Falso	1	medicamento_tratamento
https://apublica.org/2018/01/truco-checamos-quatro-frases-sobre-os-riscos-do-aborto/	https:apublica.org	2018-01-22	Tanto pílulas abortivas, como qualquer outro método, de nenhuma forma pode ser considerado seguro.	Pílulas abortivas não podem ser consideradas um procedimento médico seguro. 	Checamos quatro frases sobre os riscos do aborto - Agência Pública	1	8	Falso	1	saude_publica_sistema
https://apublica.org/2017/10/truco-corrente-falsa-associa-uso-do-plastico-a-52-tipos-de-cancer/	https:apublica.org	2017-10-10	Em contato com o calor, o plástico pode liberar compostos que causam 52 tipos de câncer.	Corrente no WhatsApp afirma que recipientes de plástico liberam substâncias capazes de produzir 52 tipos de câncer.	Corrente falsa associa uso do plástico a 52 tipos de câncer - Agência Pública	1	8	Falso	1	doenca_sintoma
https://piaui.folha.uol.com.br/lupa/2019/07/15/verificamos-porco-coracao/	https:piaui.folha.uol.com.brlupa	2019-07-15 19:37:56	Médico extrai vermes do coração de uma pessoa que come carne de porco	Empty	#Verificamos:  falso que comer carne de porco pode causar 'vermes no coração'	4	6	Falso	1	saude_publica_sistema
https://piaui.folha.uol.com.br/lupa/2019/06/18/verificamos-paracetamol-virus-mortal/	https:piaui.folha.uol.com.brlupa	2019-06-18 16:34:39	Cuidado para não tomar o paracetamol que vem escrito p-500. ... Os médicos provam que contêm o vírus Machupo	Empty	#Verificamos:  falso que paracetamol está infectado com vírus mortal	4	6	Falso	1	medicamento_tratamento,saude_publica_sistema
https://piaui.folha.uol.com.br/lupa/2019/05/02/verificamos-bicarbonato-de-sodio-cura-cancer/	https:piaui.folha.uol.com.brlupa	2019-05-02 19:59:48	'Câncer é um fungo! E bicarbonato de sódio ajuda a curar o câncer, diz Oncologista	Empty	#Verificamos:  falso que bicarbonato de sódio cura câncer	4	6	Falso	1	doenca_sintoma
https://piaui.folha.uol.com.br/lupa/2019/04/17/verificamos-lista-bolsonaro/	https:piaui.folha.uol.com.brlupa	2019-04-17 07:00:57	Descobriu que os aviões do SUS estavam sendo utilizados para o transporte de drogas	Empty	#Verificamos: Publicação lista 31 ações de Bolsonaro em três meses, mas só sete são verdadeiras	4	6	De olho	1	saude_publica_sistema
https://piaui.folha.uol.com.br/lupa/2019/03/28/verificamos-labio-leporino/	https:piaui.folha.uol.com.brlupa	2019-03-28 18:28:12	Caso conheçam alguém com Lábio Leporino eou Fenda Palatina, informa-se que existem 12 médicos americanos dispostos a operar no hospital militar, mas só existem 71 pacientes e são necessários 135 pacientes para operar na próxima semana	Empty	#Verificamos:  falso que médicos americanos buscam pacientes com lábio leporino para operar no Hospital Militar	4	6	Falso	1	saude_publica_sistema
https://piaui.folha.uol.com.br/lupa/2019/02/18/verificamos-bula-autismo/	https:piaui.folha.uol.com.brlupa	2019-02-18 18:45:31	Não adianta brigar comigo: vacinas causam autismo. Tá na bula	Empty	#Verificamos:  falso que bula confirme relação de vacina com autismo	4	6	Falso	1	doenca_sintoma,vacina_imunizacao
https://piaui.folha.uol.com.br/lupa/2019/02/08/verificamos-bolsonaro-colostomia/	https:piaui.folha.uol.com.brlupa	2019-02-08 17:44:14	Vídeo com Bolsonaro durante a campanha, e antes da facada, tem áudio falando do câncer e bolsa de colostomia já do lado esquerdo	Empty	 falso que vídeo mostrando recuperação de Bolsonaro foi filmado antes do atentado	4	6	Falso	1	doenca_sintoma
https://piaui.folha.uol.com.br/lupa/2019/01/18/verificamos-agua-coco-cancer/	https:piaui.folha.uol.com.brlupa	2019-01-18 16:50:07	A água quente de coco pode poupar uma vida!	Empty	#Verificamos:  falso que água de coco quente cura todos os tipos de câncer	4	6	Falso	1	doenca_sintoma
https://piaui.folha.uol.com.br/lupa/2019/01/14/verificamos-acucar-cancer/	https:piaui.folha.uol.com.brlupa	2019-01-14 20:43:03	O primeiro passo é parar todo o consumo de açúcar, sem açúcar em seu corpo, as células cancerígenas morrem naturalmente	Empty	Açúcar não causa câncer; limão e óleo de coco não substituem químio	4	6	Falso	1	doenca_sintoma
https://piaui.folha.uol.com.br/lupa/2019/01/14/verificamos-acucar-cancer/	https:piaui.folha.uol.com.brlupa	2019-01-14 20:43:03	O segundo passo é misturar a fruta do limão com uma xícara de água quente e beber durante 1 a 3 meses. ... De acordo com uma pesquisa da escola de medicina de Maryland, é 1000 vezes melhor que a quimioterapia..	Empty	Açúcar não causa câncer; limão e óleo de coco não substituem químio	4	6	Falso	1	doenca_sintoma
https://piaui.folha.uol.com.br/lupa/2019/01/14/verificamos-acucar-cancer/	https:piaui.folha.uol.com.brlupa	2019-01-14 20:43:03	O terceiro passo é beber 3 colheres de óleo de coco orgânico, de manhã e à noite, e o câncer desaparecerá	Empty	Açúcar não causa câncer; limão e óleo de coco não substituem químio	4	6	Falso	1	doenca_sintoma
https://piaui.folha.uol.com.br/lupa/2018/11/20/verificamos-cuba-medicina/	https:piaui.folha.uol.com.brlupa	2018-11-20 18:40:51	[Cuba] forma 300 médicos por ano	Empty	#Verificamos: Cuba não tem apenas dois cursos de Medicina	4	6	Falso	1	saude_publica_sistema
https://piaui.folha.uol.com.br/lupa/2018/11/19/verificamos-bolsonaro-emenda-medicos/	https:piaui.folha.uol.com.brlupa	2018-11-19 19:21:45	Os dependentes legais do médico intercambista estrangeiro não poderão exercer atividades remuneradas, com emissão de Carteira de Trabalho e Previdência Social pelo Ministério do Trabalho e Emprego	Empty	#Verificamos:  verdade que Bolsonaro quis impedir familiares de médicos estrangeiros de trabalhar no Brasil	4	6	Verdadeiro	1	saude_publica_sistema
https://piaui.folha.uol.com.br/lupa/2018/11/07/verificamos-dipirona-venezuela-2/	https:piaui.folha.uol.com.brlupa	2018-11-07 18:54:28	O medicamento exposto abaixo, Dipirona S-500, importado da Venezuela, contém um vírus perigosíssimo, não tomem... !	Empty	Notícia falsa sobre dipirona da Venezuela com vírus perigosíssimo volta a circular	4	6	Falso	1	medicamento_tratamento
https://piaui.folha.uol.com.br/lupa/2018/08/27/verificamos-roraima/	https:piaui.folha.uol.com.brlupa	2018-08-27 15:00:38	40% dos partos na maternidade [Hospital Materno Infantil Nossa Senhora de Nazaré] são de bebês filhos de imigrantes	Empty	#Verificamos: textos e imagens sobre a crise migratória em Roraima misturam dados certos e errados	4	6	Falso	1	saude_publica_sistema
https://piaui.folha.uol.com.br/lupa/2018/08/27/verificamos-roraima/	https:piaui.folha.uol.com.brlupa	2018-08-27 15:00:38	Venezuelanos agrediram as únicas médicas plantonistas da única maternidade de Boa Vista, fazendo assim com que elas saíssem assustadas para fazer boletim de ocorrência e resultando em bebês mortos nos ventres de suas mães	Empty	#Verificamos: textos e imagens sobre a crise migratória em Roraima misturam dados certos e errados	4	6	Exagerado	1	saude_publica_sistema
https://piaui.folha.uol.com.br/lupa/2018/08/27/verificamos-roraima/	https:piaui.folha.uol.com.brlupa	2018-08-27 15:00:38	[Uma] Meningite bacteriana que isolou áreas inteiras [do Hospital Geral de Roraima]	Empty	#Verificamos: textos e imagens sobre a crise migratória em Roraima misturam dados certos e errados	4	6	Falso	1	doenca_sintoma,saude_publica_sistema
https://piaui.folha.uol.com.br/lupa/2018/08/27/verificamos-roraima/	https:piaui.folha.uol.com.brlupa	2018-08-27 15:00:38	Nós nem sabíamos mais o que era sarampo [antes de os venezuelanos chegarem]	Empty	#Verificamos: textos e imagens sobre a crise migratória em Roraima misturam dados certos e errados	4	6	Verdadeiro, mas	1	doenca_sintoma
https://piaui.folha.uol.com.br/lupa/2018/07/11/verificamos-deixar-vacinar/	https:piaui.folha.uol.com.brlupa	2018-07-11 17:55:26	Vacinar crianças é obrigatório, e pais que descumprem podem até perder guarda	Empty	#Verificamos: deixar de vacinar crianças é ilegal no Brasil	4	6	Verdadeiro	1	vacina_imunizacao
https://piaui.folha.uol.com.br/lupa/2018/06/28/verificamos-dipirona-venezuela/	https:piaui.folha.uol.com.brlupa	2018-06-28 16:41:23	Novo dipirona importado da Venezuela para o Brasil contém vírus	Empty	#Verificamos: Dipirona importada da Venezuela não contém vírus	4	6	Falso	1	medicamento_tratamento
https://piaui.folha.uol.com.br/lupa/2018/06/08/verificamos-cura-cancer/	https:piaui.folha.uol.com.brlupa	2018-06-08 17:02:55	Frade famoso divulga a cura do câncer	Empty	#Verificamos: Frade famoso não divulga a cura do câncer	4	6	Falso	1	doenca_sintoma,medicamento_tratamento
https://piaui.folha.uol.com.br/lupa/2018/06/04/verificamos-moro/	https:piaui.folha.uol.com.brlupa	2018-06-04 20:24:33	Sérgio Moro está muito ruim, problema é grave! afirmam médicos	Empty	#Verificamos: Juiz Sérgio Moro não está muito ruim de saúde	4	6	Falso	1	saude_publica_sistema
https://piaui.folha.uol.com.br/lupa/2018/05/30/verificamos-surto-conjuntivite-3/	https:piaui.folha.uol.com.brlupa	2018-05-30 20:06:16	Médico do SUS faz alerta de surto absurdo de conjuntivite viral nível 3	Empty	#Verificamos: Médico do SUS não faz alerta de surto absurdo de conjuntivite viral nível 3	4	6	Falso	1	saude_publica_sistema
https://piaui.folha.uol.com.br/lupa/2018/05/15/verificamos-surto-gripe-vacina/	https:piaui.folha.uol.com.brlupa	2018-05-15 13:00:20	Direção do Hospital das Clínicas de São Paulo está preocupada com a nova gripe que vai adoecer muita gente	Empty	#Verificamos: vacina contra gripe não causa 'surto mortal' nos EUA	4	6	Falso	1	saude_publica_sistema,vacina_imunizacao
https://piaui.folha.uol.com.br/lupa/2018/05/15/verificamos-surto-gripe-vacina/	https:piaui.folha.uol.com.brlupa	2018-05-15 13:00:20	Médico quebra o silêncio: A vacina contra a gripe é o que está causando um surto mortal de gripe	Empty	#Verificamos: vacina contra gripe não causa 'surto mortal' nos EUA	4	6	Falso	1	saude_publica_sistema,vacina_imunizacao
